,id_line,label,lemma,base,id_text,line,skip,entry
0,P225009.3,o 1,udu[sheep]N urmah[lion]N gu[eat]V/t,udu ur-mah gu₇,P225009,3,0.0,udu[sheep]N_urmah[lion]N_gu[eat]V/t
1,P225009.4,o 2,udu[sheep]N urbara[wolf]N gu[eat]V/t,udu ur-bar-ra gu₇,P225009,4,0.0,udu[sheep]N_urbara[wolf]N_gu[eat]V/t
2,P225009.5,o 3,udu[sheep]N diŋir[deity]N gu[eat]V/t,udu diŋir gu₇,P225009,5,0.0,udu[sheep]N_diŋir[deity]N_gu[eat]V/t
3,P235800.3,o 1,muš[snake]N,muš,P235800,3,0.0,muš[snake]N
4,P235800.4,o 2,muš[snake]N huš[reddish]V/i,muš huš,P235800,4,0.0,muš[snake]N_huš[reddish]V/i
5,P235800.5,o 3,muš[snake]N ušum[snake]N,muš ušum,P235800,5,0.0,muš[snake]N_ušum[snake]N
6,P235800.6,o 4,muš[snake]N a[water]N,muš a,P235800,6,0.0,muš[snake]N_a[water]N
7,P247526.3,unknown,unknown,unknown,P247526,3,2.0,unknown
8,P247526.4,a i 03',udu[sheep]N kudkudra[disabled]N,udu kud-kud-ra₂,P247526,4,0.0,udu[sheep]N_kudkudra[disabled]N
9,P247526.5,a i 04',udu[sheep]N niga[fattened]V/i,udu niga,P247526,5,0.0,udu[sheep]N_niga[fattened]V/i
10,P247526.6,a i 05',udu[sheep]N niga[fattened]V/i sag[rare]V/i,udu niga sag₁₀,P247526,6,0.0,udu[sheep]N_niga[fattened]V/i_sag[rare]V/i
11,P247526.7,a i 06',udu[sheep]N niga[fattened]V/i gudus[cowherd]N,udu niga gud-us₂,P247526,7,0.0,udu[sheep]N_niga[fattened]V/i_gudus[cowherd]N
12,P247526.8,a i 07',udu[sheep]N ŋešdu[breeder]N,udu ŋeš-du₃-a,P247526,8,0.0,udu[sheep]N_ŋešdu[breeder]N
13,P247526.9,a i 08',udu[sheep]N ur[roof]N,udu ur₃,P247526,9,0.0,udu[sheep]N_ur[roof]N
14,P247526.10,a i 09',udu[sheep]N šu[hand]N ur[roof]N,udu šu ur₃,P247526,10,0.0,udu[sheep]N_šu[hand]N_ur[roof]N
15,P247526.11,a i 10',udu[sheep]N mašdarea[payment]N,udu maš₂-da-ri,P247526,11,0.0,udu[sheep]N_mašdarea[payment]N
16,P247526.12,a i 11',udu[sheep]N maššugidgid[diviner]N,udu maš₂-šu-gid₂-gid₂,P247526,12,0.0,udu[sheep]N_maššugidgid[diviner]N
17,P247526.13,a i 12',udu[sheep]N zulumhi[sheep]N,udu zulumhi,P247526,13,0.0,udu[sheep]N_zulumhi[sheep]N
18,P247526.14,a i 13',udu[sheep]N deg[collect]V/t,udu degₓ(RI)-degₓ(RI),P247526,14,0.0,udu[sheep]N_deg[collect]V/t
19,P247526.15,a i 14',udu[sheep]N na[cvne]N deg[collect]V/t,udu na degₓ(RI),P247526,15,0.0,udu[sheep]N_na[cvne]N_deg[collect]V/t
20,P247526.16,a i 15',udu[sheep]N diŋir[deity]N gu[eat]V/t,udu diŋir gu₇,P247526,16,0.0,udu[sheep]N_diŋir[deity]N_gu[eat]V/t
21,P247526.17,a i 16',udu[sheep]N urmah[lion]N gu[eat]V/t,udu ur-mah gu₇,P247526,17,0.0,udu[sheep]N_urmah[lion]N_gu[eat]V/t
22,P247526.18,a i 17',udu[sheep]N te-x[NA]NA,udu te-x,P247526,18,0.0,udu[sheep]N_te-x[NA]NA
23,P247526.19,a i 18',udu[sheep]N zig[rise]V/t,udu zig₃,P247526,19,0.0,udu[sheep]N_zig[rise]V/t
24,P247526.20,a i 19',udu-x[NA]NA,udu-x,P247526,20,0.0,udu-x[NA]NA
25,P247526.21,a i 20',udu[sheep]N namuruna[~herd]N,udu nam-urunₓ(EN)-na,P247526,21,0.0,udu[sheep]N_namuruna[~herd]N
26,P247526.22,a i 21',udu[sheep]N namerim[oath]N,udu nam-erim₂,P247526,22,0.0,udu[sheep]N_namerim[oath]N
27,P247526.23,unknown,unknown,unknown,P247526,23,3.0,unknown
28,P247526.24,a i 25',udu[sheep]N x-ra[NA]NA,udu x-ra,P247526,24,0.0,udu[sheep]N_x-ra[NA]NA
29,P247526.25,a i 26',udu[sheep]N x-ra[NA]NA,udu x-ra,P247526,25,0.0,udu[sheep]N_x-ra[NA]NA
30,P247526.26,a i 27',udu[sheep]N x-ra[NA]NA,udu x-ra,P247526,26,0.0,udu[sheep]N_x-ra[NA]NA
31,P247526.27,a i 28,udu[sheep]N x-x-ra[NA]NA,udu x-x-ra,P247526,27,0.0,udu[sheep]N_x-x-ra[NA]NA
32,P247526.28,a i 29',udu[sheep]N x-ra[NA]NA,udu x-ra,P247526,28,0.0,udu[sheep]N_x-ra[NA]NA
33,P247526.29,a i 30',udu[sheep]N x[NA]NA diŋir[deity]N,udu x diŋir,P247526,29,0.0,udu[sheep]N_x[NA]NA_diŋir[deity]N
34,P247526.30,a i 31',udu[sheep]N x-ra[NA]NA,udu x-ra,P247526,30,0.0,udu[sheep]N_x-ra[NA]NA
35,P247526.31,unknown,unknown,unknown,P247526,31,999.0,unknown
36,P247526.33,unknown,unknown,unknown,P247526,33,3.0,unknown
37,P247526.34,ii 04,udu[sheep]N x[NA]NA,udu x,P247526,34,0.0,udu[sheep]N_x[NA]NA
38,P247526.35,ii 05,udu[sheep]N x[NA]NA,udu x,P247526,35,0.0,udu[sheep]N_x[NA]NA
39,P247526.36,ii 06,udu[sheep]N du[push]V/t,udu du₇-du₇,P247526,36,0.0,udu[sheep]N_du[push]V/t
40,P247526.37,ii 07,udu[sheep]N sig₅-x[NA]NA,udu sig₅-x,P247526,37,0.0,udu[sheep]N_sig₅-x[NA]NA
41,P247526.38,ii 08,udu[sheep]N gur[thick]V/i,udu gur₄-gur₄,P247526,38,0.0,udu[sheep]N_gur[thick]V/i
42,P247526.39,ii 09,udu[sheep]N gur[thick]V/i,udu gur₄-gur₄,P247526,39,0.0,udu[sheep]N_gur[thick]V/i
43,P247526.40,ii 10,udu[sheep]N x-x-x[NA]NA,udu x-x-x,P247526,40,0.0,udu[sheep]N_x-x-x[NA]NA
44,P247526.41,ii 11,udu[sheep]N terzum[presentation]N,udu ti-ri₂-zum,P247526,41,0.0,udu[sheep]N_terzum[presentation]N
45,P247526.42,ii 12,udu[sheep]N UŠ-x[NA]NA,udu UŠ-x,P247526,42,0.0,udu[sheep]N_UŠ-x[NA]NA
46,P247526.43,ii 13,udu[sheep]N zusiga[~sheep]N,udu zu₂-si-ga,P247526,43,0.0,udu[sheep]N_zusiga[~sheep]N
47,P247526.44,ii 14,udu[sheep]N zusiga[~sheep]N kur[mountain]N,udu zu₂-si-ga kur,P247526,44,0.0,udu[sheep]N_zusiga[~sheep]N_kur[mountain]N
48,P247526.45,ii 15,udu[sheep]N zu₂-si-ga-x-x[NA]NA,udu zu₂-si-ga-x-x,P247526,45,0.0,udu[sheep]N_zu₂-si-ga-x-x[NA]NA
49,P247526.46,ii 16,udu[sheep]N x[NA]NA ga[milk]N x[NA]NA,udu x ga x,P247526,46,0.0,udu[sheep]N_x[NA]NA_ga[milk]N_x[NA]NA
50,P247526.47,ii 17,udu[sheep]N x[NA]NA gig-x[NA]NA,udu x gig-x,P247526,47,0.0,udu[sheep]N_x[NA]NA_gig-x[NA]NA
51,P247526.48,ii 18,udu[sheep]N x[NA]NA diŋir[deity]N,udu x diŋir,P247526,48,0.0,udu[sheep]N_x[NA]NA_diŋir[deity]N
52,P247526.49,unknown,unknown,unknown,P247526,49,7.0,unknown
53,P247526.50,ii 26,udu[sheep]N ki[place]N Suen[1]DN,udu ki {d}suen,P247526,50,0.0,udu[sheep]N_ki[place]N_Suen[1]DN
54,P247526.51,ii 27,udu[sheep]N saŋ[head]N,udu saŋ,P247526,51,0.0,udu[sheep]N_saŋ[head]N
55,P247526.52,ii 28,udu[sheep]N barŋal[~sheep]N,udu bar-ŋal₂,P247526,52,0.0,udu[sheep]N_barŋal[~sheep]N
56,P247526.53,ii 29,udu[sheep]N min[two]NU a₂-x[NA]NA,udu min a₂-x,P247526,53,0.0,udu[sheep]N_min[two]NU_a₂-x[NA]NA
57,P247526.54,ii 30,udu[sheep]N gal-x[NA]NA,udu gal-x,P247526,54,0.0,udu[sheep]N_gal-x[NA]NA
58,P247526.55,unknown,unknown,unknown,P247526,55,999.0,unknown
59,P247526.56,unknown,unknown,unknown,P247526,56,1.0,unknown
60,P247526.57,ii 2',udu[sheep]N x-x[NA]NA,udu x-x,P247526,57,0.0,udu[sheep]N_x-x[NA]NA
61,P247526.58,ii 3',udu[sheep]N ŋeš[tree]N tag[touch]V/t,udu ŋeš tag-ga,P247526,58,0.0,udu[sheep]N_ŋeš[tree]N_tag[touch]V/t
62,P247526.59,unknown,unknown,unknown,P247526,59,1.0,unknown
63,P247526.60,ii 5',x[NA]NA x[NA]NA x[NA]NA,x x x,P247526,60,0.0,x[NA]NA_x[NA]NA_x[NA]NA
64,P247526.61,ii 6',x[NA]NA A₂[NA]NA,x A₂,P247526,61,0.0,x[NA]NA_A₂[NA]NA
65,P247526.63,unknown,unknown,unknown,P247526,63,999.0,unknown
66,P247526.64,iii 2',x[NA]NA x[NA]NA x[NA]NA x[NA]NA,x x x x,P247526,64,0.0,x[NA]NA_x[NA]NA_x[NA]NA_x[NA]NA
67,P247526.65,iii 3',kir[lamb]N,kir₁₁,P247526,65,0.0,kir[lamb]N
68,P247526.66,iii 4',x[NA]NA ŋal[be]V/i,x ŋal₂,P247526,66,0.0,x[NA]NA_ŋal[be]V/i
69,P247526.67,iii 5',kir[lamb]N ŋeš[penis]N zu[know]V/t,kir₁₁ ŋeš₃ zu,P247526,67,0.0,kir[lamb]N_ŋeš[penis]N_zu[know]V/t
70,P247526.68,iii 6',kir[lamb]N dili[single]V/i ur[pluck]V/t,kir₁₁ dili ur₄,P247526,68,0.0,kir[lamb]N_dili[single]V/i_ur[pluck]V/t
71,P247526.71,unknown,unknown,unknown,P247526,71,999.0,unknown
72,P247526.72,b i 2',kuš[skin]N urbara[wolf]N,kuš ur-bar-ra,P247526,72,0.0,kuš[skin]N_urbara[wolf]N
73,P247526.73,b i 3',kuš[skin]N urgir[dog]N,kuš ur-gir₁₅,P247526,73,0.0,kuš[skin]N_urgir[dog]N
74,P247526.74,b i 4',kuš[skin]N kir[hyena]N,kuš kir₄,P247526,74,0.0,kuš[skin]N_kir[hyena]N
75,P247526.75,b i 5',kuš[skin]N uršub[tiger]N,kuš ur-šub₅,P247526,75,0.0,kuš[skin]N_uršub[tiger]N
76,P247526.76,b i 6',kuš[skin]N uršubkuda[wild-animal]N,kuš ur-šub₅-gud,P247526,76,0.0,kuš[skin]N_uršubkuda[wild-animal]N
77,P247526.77,b i 7',kuš[skin]N mašda[gazelle]N,kuš maš-da₃,P247526,77,0.0,kuš[skin]N_mašda[gazelle]N
78,P247526.78,b i 8',kuš[skin]N amar[young]N mašda[gazelle]N,kuš amar maš-da₃,P247526,78,0.0,kuš[skin]N_amar[young]N_mašda[gazelle]N
79,P247526.79,b i 9',kuš[skin]N piriŋ[lion]N,kuš piriŋ,P247526,79,0.0,kuš[skin]N_piriŋ[lion]N
80,P247526.80,b i 10',kuš[skin]N nemur[leopard]N,kuš nemurₓ(|PIRIG.TUR|),P247526,80,0.0,kuš[skin]N_nemur[leopard]N
81,P247526.81,b i 11',kuš[skin]N kaʾa[fox]N,kuš ka₅-a,P247526,81,0.0,kuš[skin]N_kaʾa[fox]N
82,P247526.82,b i 12',kuš[skin]N x[NA]NA kaʾa[fox]N,kuš x ka₅-a,P247526,82,0.0,kuš[skin]N_x[NA]NA_kaʾa[fox]N
83,P247526.84,unknown,unknown,unknown,P247526,84,999.0,unknown
84,P247526.85,b ii 2',usan[whip]N,{kuš}usan₃,P247526,85,0.0,usan[whip]N
85,P247526.86,b ii 3',usan[whip]N zi-um[NA]NA,{kuš}usan₃ zi-um,P247526,86,0.0,usan[whip]N_zi-um[NA]NA
86,P247526.87,b ii 4',dalu[object]N,{kuš}dal-uš₂,P247526,87,0.0,dalu[object]N
87,P247526.88,b ii 5',a[arm]N dalu[object]N,{kuš}a₂ dal-uš₂,P247526,88,0.0,a[arm]N_dalu[object]N
88,P247526.89,b ii 6',saŋ[head]N si[horn]N,{kuš}saŋ si,P247526,89,0.0,saŋ[head]N_si[horn]N
89,P247526.90,b ii 7',saŋ[head]N sisa[fair]AJ,{kuš}saŋ si-sa₂,P247526,90,0.0,saŋ[head]N_sisa[fair]AJ
90,P247526.91,b ii 8',{kuš}a-gan[NA]NA,{kuš}a-gan,P247526,91,0.0,{kuš}a-gan[NA]NA
91,P247526.92,b ii 9',kuš[skin]N balaŋ[instrument]N,kuš balaŋ,P247526,92,0.0,kuš[skin]N_balaŋ[instrument]N
92,P247526.93,b ii 10',kuš[skin]N balaŋ[instrument]N Nanše[1]DN,kuš balaŋ {d}na-zi,P247526,93,0.0,kuš[skin]N_balaŋ[instrument]N_Nanše[1]DN
93,P247526.94,b ii 11',{kuš}sag-ti[NA]NA,{kuš}sag-ti,P247526,94,0.0,{kuš}sag-ti[NA]NA
94,P247526.95,b ii 12',ul[fruit]N,{kuš}ul,P247526,95,0.0,ul[fruit]N
95,P247526.96,b ii 13',ul[fruit]N šu-numun-na-ab[NA]NA,{kuš}ul šu-numun-na-ab,P247526,96,0.0,ul[fruit]N_šu-numun-na-ab[NA]NA
96,P247526.97,b ii 14',asi[strap]N,{kuš}a₂-si,P247526,97,0.0,asi[strap]N
97,P247526.98,b ii 15',asi[strap]N daba[strap]N,{kuš}a₂-si da-ba,P247526,98,0.0,asi[strap]N_daba[strap]N
98,P247526.99,b ii 16',{kuš}LU₂-KI[NA]NA,{kuš}LU₂-KI,P247526,99,0.0,{kuš}LU₂-KI[NA]NA
99,P247526.100,b ii 17',guru[shield]N erin[people]N,{kuš}gur₂₁ erin₂,P247526,100,0.0,guru[shield]N_erin[people]N
100,P247526.101,b ii 18',guru[shield]N x[NA]NA,{kuš}gur₂₁ x,P247526,101,0.0,guru[shield]N_x[NA]NA
101,P247526.102,b ii 19',guru[shield]N x[NA]NA,{kuš}gur₂₁ x,P247526,102,0.0,guru[shield]N_x[NA]NA
102,P247526.103,b ii 20',guru[shield]N x[NA]NA,{kuš}gur₂₁ x,P247526,103,0.0,guru[shield]N_x[NA]NA
103,P247526.104,b ii 21',guru[shield]N x[NA]NA,{kuš}gur₂₁ x,P247526,104,0.0,guru[shield]N_x[NA]NA
104,P247526.105,unknown,unknown,unknown,P247526,105,999.0,unknown
105,P247526.106,unknown,unknown,unknown,P247526,106,999.0,unknown
106,P247526.107,b ii 24',kuš[skin]N x-x-šu-x[NA]NA,kuš x-x-šu-x,P247526,107,0.0,kuš[skin]N_x-x-šu-x[NA]NA
107,P247526.108,b ii 25',kuš[skin]N šegin[glue]N,kuš še-gin₂,P247526,108,0.0,kuš[skin]N_šegin[glue]N
108,P247526.109,b ii 26',kuš[skin]N šegin[glue]N kugsig[gold]N,kuš še-gin₂ kug-sig₁₇,P247526,109,0.0,kuš[skin]N_šegin[glue]N_kugsig[gold]N
109,P247526.110,b ii 27',gababum[shield]N,{kuš}ga-ba-bu-um,P247526,110,0.0,gababum[shield]N
110,P247526.111,b ii 28',patihatum[container]N,{kuš}pa-ti-ha-tum,P247526,111,0.0,patihatum[container]N
111,P247526.112,b ii 29',{kuš}GIŠ-LU-x[NA]NA,{kuš}GIŠ-LU-x,P247526,112,0.0,{kuš}GIŠ-LU-x[NA]NA
112,P247526.113,b ii 30',marinum[screen]N,{kuš}ma-ri-nu-um,P247526,113,0.0,marinum[screen]N
113,P247526.115,unknown,unknown,unknown,P247526,115,999.0,unknown
114,P247526.116,b iii 2',gud[ox]N x[NA]NA,gud x,P247526,116,0.0,gud[ox]N_x[NA]NA
115,P247526.117,b iii 3',gud[ox]N x[NA]NA,gud x,P247526,117,0.0,gud[ox]N_x[NA]NA
116,P247526.118,b iii 4',gud[ox]N x-x[NA]NA,gud x-x,P247526,118,0.0,gud[ox]N_x-x[NA]NA
117,P247526.119,b iii 5',gud[ox]N x[NA]NA,gud x,P247526,119,0.0,gud[ox]N_x[NA]NA
118,P247526.120,b iii 6',gud[ox]N x[NA]NA,gud x,P247526,120,0.0,gud[ox]N_x[NA]NA
119,P247526.121,b iii 7',gud[ox]N babbar[white]V/i,gud babbar,P247526,121,0.0,gud[ox]N_babbar[white]V/i
120,P247526.122,b iii 8',gud[ox]N giggi[black]V/i,gud giggi,P247526,122,0.0,gud[ox]N_giggi[black]V/i
121,P247526.123,b iii 9',gud[ox]N su[red]V/i,gud su₁₃,P247526,123,0.0,gud[ox]N_su[red]V/i
122,P247526.124,b iii 10',gud[ox]N gunu[speckled]V/i,gud gun₃,P247526,124,0.0,gud[ox]N_gunu[speckled]V/i
123,P247526.125,b iii 11',gud[ox]N sissig[green]V/i,gud sig₇-sig₇,P247526,125,0.0,gud[ox]N_sissig[green]V/i
124,P247526.126,b iii 12',gud[ox]N šugi[senior]N,gud šu-gi₄,P247526,126,0.0,gud[ox]N_šugi[senior]N
125,P247526.127,b iii 13',gud[ox]N x-x[NA]NA,gud x-x,P247526,127,0.0,gud[ox]N_x-x[NA]NA
126,P247526.128,b iii 14',gud[ox]N KA-min[NA]NA,gud KA-min,P247526,128,0.0,gud[ox]N_KA-min[NA]NA
127,P247526.129,b iii 15',gud[ox]N ba-da[NA]NA,gud ba-da,P247526,129,0.0,gud[ox]N_ba-da[NA]NA
128,P247526.130,b iii 16',gud[ox]N x-BU[NA]NA,gud x-BU,P247526,130,0.0,gud[ox]N_x-BU[NA]NA
129,P247526.131,b iii 17',gud[ox]N si[horn]N min[two]NU ŋal[be]V/i,gud si min ŋal₂,P247526,131,0.0,gud[ox]N_si[horn]N_min[two]NU_ŋal[be]V/i
130,P247526.132,b iii 18',gud[ox]N al-ŋeš-ra[NA]NA,gud al-ŋeš-ra,P247526,132,0.0,gud[ox]N_al-ŋeš-ra[NA]NA
131,P247526.133,b iii 19',gud[ox]N hulu[bad]V/i,gud hul,P247526,133,0.0,gud[ox]N_hulu[bad]V/i
132,P247526.134,b iii 20',gud[ox]N x-x[NA]NA,gud x-x,P247526,134,0.0,gud[ox]N_x-x[NA]NA
133,P247526.135,b iii 21',ab[cow]N x-x[NA]NA,ab₂ x-x,P247526,135,0.0,ab[cow]N_x-x[NA]NA
134,P247526.136,b iii 22',ab[cow]N us₂-saŋ-x[NA]NA,ab₂ us₂-saŋ-x,P247526,136,0.0,ab[cow]N_us₂-saŋ-x[NA]NA
135,P247526.137,b iii 23',ab[cow]N tur[ill]V/i,ab₂ tur₅,P247526,137,0.0,ab[cow]N_tur[ill]V/i
136,P247526.138,b iii 24',ab[cow]N namra[booty]N,ab₂ nam-ra,P247526,138,0.0,ab[cow]N_namra[booty]N
137,P247526.139,b iii 25',ab[cow]N babbar[white]V/i,ab₂ babbar,P247526,139,0.0,ab[cow]N_babbar[white]V/i
138,P247526.140,b iii 26',ab[cow]N giggi[black]V/i,ab₂ giggi,P247526,140,0.0,ab[cow]N_giggi[black]V/i
139,P247526.141,b iii 27',ab[cow]N su[red]V/i,ab₂ su₁₃,P247526,141,0.0,ab[cow]N_su[red]V/i
140,P247526.142,b iii 28',ab[cow]N gunu[speckled]V/i,ab₂ gun₃,P247526,142,0.0,ab[cow]N_gunu[speckled]V/i
141,P247526.143,b iii 29',ab[cow]N sissig[green]V/i,ab₂ sig₇-sig₇,P247526,143,0.0,ab[cow]N_sissig[green]V/i
142,P247526.144,b iii 30',ab[cow]N gud[ox]N,ab₂ gud,P247526,144,0.0,ab[cow]N_gud[ox]N
143,P247526.145,b iii 31',ab[cow]N x-x[NA]NA,ab₂ x-x,P247526,145,0.0,ab[cow]N_x-x[NA]NA
144,P247526.146,b iii 32',ab[cow]N x-x[NA]NA,ab₂ x-x,P247526,146,0.0,ab[cow]N_x-x[NA]NA
145,P247526.147,b iii 33',ab[cow]N x-x[NA]NA,ab₂ x-x,P247526,147,0.0,ab[cow]N_x-x[NA]NA
146,P247526.148,b iii 34',ab[cow]N utud[bear]V/t,ab₂ u₃-tud,P247526,148,0.0,ab[cow]N_utud[bear]V/t
147,P247526.149,b iii 35',amar[young]N,amar,P247526,149,0.0,amar[young]N
148,P247526.150,b iii 36',amar[young]N x[NA]NA,amar x,P247526,150,0.0,amar[young]N_x[NA]NA
149,P247526.151,b iii 37',amar[young]N x[NA]NA,amar x,P247526,151,0.0,amar[young]N_x[NA]NA
150,P247526.152,b iii 38',amar[young]N x[NA]NA,amar x,P247526,152,0.0,amar[young]N_x[NA]NA
151,P247526.153,b iii 39',amar[young]N x[NA]NA,amar x,P247526,153,0.0,amar[young]N_x[NA]NA
152,P247526.155,unknown,unknown,unknown,P247526,155,999.0,unknown
153,P247526.157,unknown,unknown,unknown,P247526,157,999.0,unknown
154,P247526.159,unknown,unknown,unknown,P247526,159,1.0,unknown
155,P247526.160,b iii frg.e 2',uzud[goat]N,uzud,P247526,160,0.0,uzud[goat]N
156,P247526.161,b iii frg.e 3',uzud[goat]N maš[goat]N nud[lie]V/t,uzud maš₂ nud,P247526,161,0.0,uzud[goat]N_maš[goat]N_nud[lie]V/t
157,P247526.162,b iii frg.e 4',uzud[goat]N maš[goat]N du[build]V/t,uzud maš₂ du₃,P247526,162,0.0,uzud[goat]N_maš[goat]N_du[build]V/t
158,P247526.163,b iii frg.e 5',uzud[goat]N utud[bear]V/t,uzud u₃-tud,P247526,163,0.0,uzud[goat]N_utud[bear]V/t
159,P247526.164,b iii frg.e 6',uzud[goat]N utud[bear]V/t,uzud tud,P247526,164,0.0,uzud[goat]N_utud[bear]V/t
160,P247526.165,b iii frg.e 7',uzud[goat]N KA-gal[NA]NA,uzud KA-gal,P247526,165,0.0,uzud[goat]N_KA-gal[NA]NA
161,P247526.166,b iii frg.e 8',uzud[goat]N babbar[white]V/i,uzud babbar,P247526,166,0.0,uzud[goat]N_babbar[white]V/i
162,P247526.167,b iii frg.e 9',uzud[goat]N giggi[black]V/i,uzud giggi,P247526,167,0.0,uzud[goat]N_giggi[black]V/i
163,P247526.168,b iii frg.e 10',uzud[goat]N su[red]V/i,uzud su₁₃,P247526,168,0.0,uzud[goat]N_su[red]V/i
164,P247533.3,unknown,unknown,unknown,P247533,3,999.0,unknown
165,P247533.5,ii 1',maš[goat]N babbar[white]V/i,maš₂ babbar₂,P247533,5,0.0,maš[goat]N_babbar[white]V/i
166,P247533.6,ii 2',maš[goat]N giggi[black]V/i,maš₂ giggi,P247533,6,0.0,maš[goat]N_giggi[black]V/i
167,P247533.7,ii 3',maš[goat]N sissig[green]V/i,maš₂ zi,P247533,7,0.0,maš[goat]N_sissig[green]V/i
168,P247533.8,ii 4',maš[goat]N su[red]V/i,maš₂ su,P247533,8,0.0,maš[goat]N_su[red]V/i
169,P247533.9,ii 5',maš[goat]N hursaŋ[mountain]N,maš₂ hur-saŋ,P247533,9,0.0,maš[goat]N_hursaŋ[mountain]N
170,P247533.10,ii 6',maš[goat]N kug[pure]V/i,maš₂ kug,P247533,10,0.0,maš[goat]N_kug[pure]V/i
171,P247533.11,ii 7',maš[goat]N KU-MA[NA]NA,maš₂ KU-MA,P247533,11,0.0,maš[goat]N_KU-MA[NA]NA
172,P247533.12,ii 8',maš[goat]N ŋešdu[breeder]N,maš₂ ŋeš-du₃-a,P247533,12,0.0,maš[goat]N_ŋešdu[breeder]N
173,P247533.13,ii 9',maš[goat]N deg[collect]V/t,maš₂ degₓ(RI)-degₓ(RI),P247533,13,0.0,maš[goat]N_deg[collect]V/t
174,P247533.15,iii 1',udu[sheep]N Simurru[1]SN,udu si-mu-ru-um,P247533,15,0.0,udu[sheep]N_Simurru[1]SN
175,P247533.16,iii 2',udu[sheep]N Elam[1]GN,udu elam-ma,P247533,16,0.0,udu[sheep]N_Elam[1]GN
176,P247533.17,iii 3',udu[sheep]N Aškubu[1]GN,udu aš-gu-bu-um,P247533,17,0.0,udu[sheep]N_Aškubu[1]GN
177,P247533.18,iii 4',udu[sheep]N Martu[1]GN,udu mar-tu,P247533,18,0.0,udu[sheep]N_Martu[1]GN
178,P247533.19,iii 5',udu[sheep]N šu[hand]N bal[dig]V/t,udu šu bal,P247533,19,0.0,udu[sheep]N_šu[hand]N_bal[dig]V/t
179,P247533.20,iii 6',udu[sheep]N KI-GA₂[NA]NA,udu KI-GA₂,P247533,20,0.0,udu[sheep]N_KI-GA₂[NA]NA
180,P247533.21,iii 7',udu[sheep]N x[NA]NA,udu x,P247533,21,0.0,udu[sheep]N_x[NA]NA
181,P247533.22,iii 8',udu[sheep]N x[NA]NA x[NA]NA,udu x x,P247533,22,0.0,udu[sheep]N_x[NA]NA_x[NA]NA
182,P247533.23,iii 9',udu[sheep]N x[NA]NA,udu x,P247533,23,0.0,udu[sheep]N_x[NA]NA
183,P247533.25,iv 1',sila[lamb]N x[NA]NA,sila₄ x,P247533,25,0.0,sila[lamb]N_x[NA]NA
184,P247533.26,iv 2',sila[lamb]N x[NA]NA,sila₄ x,P247533,26,0.0,sila[lamb]N_x[NA]NA
185,P247533.28,unknown,unknown,unknown,P247533,28,999.0,unknown
186,P247533.30,ii frg.b 1',amar[young]N x[NA]NA,amar x,P247533,30,0.0,amar[young]N_x[NA]NA
187,P247533.31,ii frg.b 2',amar[young]N x[NA]NA,amar x,P247533,31,0.0,amar[young]N_x[NA]NA
188,P247533.32,ii frg.b 3',amar[young]N ab[cow]N x[NA]NA,amar ab₂ x,P247533,32,0.0,amar[young]N_ab[cow]N_x[NA]NA
189,P247533.33,ii frg.b 4',amar[young]N ab[cow]N x[NA]NA,amar ab₂ x,P247533,33,0.0,amar[young]N_ab[cow]N_x[NA]NA
190,P247533.34,ii frg.b 5',anše[equid]N,anše,P247533,34,0.0,anše[equid]N
191,P247533.35,ii frg.b 6',dur[donkey]N,dur₃,P247533,35,0.0,dur[donkey]N
192,P247533.36,ii frg.b 7',dusu[equid]N,dusu₂,P247533,36,0.0,dusu[equid]N
193,P247533.37,ii frg.b 8',anše[equid]N amagan[mother]N,anše ama-gan,P247533,37,0.0,anše[equid]N_amagan[mother]N
194,P247533.38,ii frg.b 9',anše[equid]N ama[mother]N,anše ama,P247533,38,0.0,anše[equid]N_ama[mother]N
195,P247533.39,ii frg.b 10',kunga[equid]N amagan[mother]N,{anše}kunga₂ ama-gan,P247533,39,0.0,kunga[equid]N_amagan[mother]N
196,P247533.40,ii frg.b 11',anšeʾedenak[equid]N,anše-eden-na,P247533,40,0.0,anšeʾedenak[equid]N
197,P247533.41,ii frg.b 12',dur[donkey]N ama[mother]N,dur₃ ama,P247533,41,0.0,dur[donkey]N_ama[mother]N
198,P247533.42,ii frg.b 13',anšeŋirnun[equid]N,anše-ŋir₂-nun,P247533,42,0.0,anšeŋirnun[equid]N
199,P247533.43,ii frg.b 14',anše[equid]N x[NA]NA,anše x,P247533,43,0.0,anše[equid]N_x[NA]NA
200,P247533.44,ii frg.b 15',anše[equid]N x[NA]NA,anše x,P247533,44,0.0,anše[equid]N_x[NA]NA
201,P247533.46,unknown,unknown,unknown,P247533,46,999.0,unknown
202,P247533.48,unknown,unknown,unknown,P247533,48,999.0,unknown
203,P247533.50,ii frg.c 1',kir[lamb]N,kir₁₁,P247533,50,0.0,kir[lamb]N
204,P247533.51,ii frg.c 2',kir[lamb]N ga[milk]N,kir₁₁ ga,P247533,51,0.0,kir[lamb]N_ga[milk]N
205,P247533.52,ii frg.c 3',kir[lamb]N imma[last-year]MA,kir₁₁ im-ma,P247533,52,0.0,kir[lamb]N_imma[last-year]MA
206,P247533.53,ii frg.c 4',kir[lamb]N ŋiri[dagger]N ak[do]V/t,kir₁₁ ŋiri₂ ak,P247533,53,0.0,kir[lamb]N_ŋiri[dagger]N_ak[do]V/t
207,P247533.54,ii frg.c 5',uzud[goat]N,uzud,P247533,54,0.0,uzud[goat]N
208,P247533.55,ii frg.c 6',uzud[goat]N maš[goat]N nud[lie]V/t,uzud maš₂ nud,P247533,55,0.0,uzud[goat]N_maš[goat]N_nud[lie]V/t
209,P247533.56,ii frg.c 7',uzud[goat]N maš[goat]N tur[ill]V/i,uzud maš₂ tur₅,P247533,56,0.0,uzud[goat]N_maš[goat]N_tur[ill]V/i
210,P247533.57,ii frg.c 8',uzud[goat]N x[NA]NA,uzud x,P247533,57,0.0,uzud[goat]N_x[NA]NA
211,P247533.58,ii frg.c 9',uzud[goat]N kug[pure]V/i,uzud kug,P247533,58,0.0,uzud[goat]N_kug[pure]V/i
212,P247533.59,ii frg.c 10',uzud[goat]N niŋ₂.ŠID[account]N ak[do]V/t,uzud niŋ₂-kas₇ ak,P247533,59,0.0,uzud[goat]N_niŋ₂.ŠID[account]N_ak[do]V/t
213,P247533.61,iii frg.c 1',gud[ox]N x[NA]NA,gud x,P247533,61,0.0,gud[ox]N_x[NA]NA
214,P247533.62,iii frg.c 2',gud[ox]N x[NA]NA,gud x,P247533,62,0.0,gud[ox]N_x[NA]NA
215,P247533.63,iii frg.c 3',ab[cow]N,ab₂,P247533,63,0.0,ab[cow]N
216,P247533.64,iii frg.c 4',ab[cow]N x[NA]NA,ab₂ x,P247533,64,0.0,ab[cow]N_x[NA]NA
217,P247533.65,iii frg.c 5',ab[cow]N x[NA]NA,ab₂ x,P247533,65,0.0,ab[cow]N_x[NA]NA
218,P247533.66,iii frg.c 6',ab[cow]N x[NA]NA,ab₂ x,P247533,66,0.0,ab[cow]N_x[NA]NA
219,P247533.67,iii frg.c 7',ab[cow]N x[NA]NA,ab₂ x,P247533,67,0.0,ab[cow]N_x[NA]NA
220,P247533.68,unknown,unknown,unknown,P247533,68,999.0,unknown
221,P247533.70,i frg.e 1'',x-da-x[NA]NA,x-da-x,P247533,70,0.0,x-da-x[NA]NA
222,P247533.71,i frg.e 2'',x-he-en-na-x[NA]NA,x-he-en-na-x,P247533,71,0.0,x-he-en-na-x[NA]NA
223,P247533.73,unknown,unknown,unknown,P247533,73,999.0,unknown
224,P247533.75,ii frg.f 1'',sila[lamb]N x[NA]NA,sila₄ x,P247533,75,0.0,sila[lamb]N_x[NA]NA
225,P247533.76,ii frg.f 2'',sila[lamb]N TU[sheep]N,sila₄ TU,P247533,76,0.0,sila[lamb]N_TU[sheep]N
226,P247541.3,o 1,amar[young]N babbar[white]V/i,amar babbar,P247541,3,0.0,amar[young]N_babbar[white]V/i
227,P247541.4,o 2,amar[young]N giggi[black]V/i,amar giggi,P247541,4,0.0,amar[young]N_giggi[black]V/i
228,P247541.5,o 3,amar[young]N su[red]V/i,amar su₁₃,P247541,5,0.0,amar[young]N_su[red]V/i
229,P247541.7,r 1,amar[young]N babbar[white]V/i,amar babbar,P247541,7,0.0,amar[young]N_babbar[white]V/i
230,P247541.8,r 2,amar[young]N giggi[black]V/i,amar giggi,P247541,8,0.0,amar[young]N_giggi[black]V/i
231,P247541.9,r 3,amar[young]N su[red]V/i,amar su₁₃,P247541,9,0.0,amar[young]N_su[red]V/i
232,P247545.2,o 1,uzu[flesh]N kun[tail]N,uzu kun,P247545,2,0.0,uzu[flesh]N_kun[tail]N
233,P247545.3,o 2,uzu[flesh]N murgu[shoulder]N,uzu murgu,P247545,3,0.0,uzu[flesh]N_murgu[shoulder]N
234,P247545.4,o 3,uzu[flesh]N ŋeš-ib₂[NA]NA,uzu ŋeš-ib₂,P247545,4,0.0,uzu[flesh]N_ŋeš-ib₂[NA]NA
235,P249377.1,1,u[ewe]N,u₈,P249377,1,0.0,u[ewe]N
236,P249377.2,2,u[ewe]N sila[lamb]N du[build]V/t,u₈ sila₄ du₃,P249377,2,0.0,u[ewe]N_sila[lamb]N_du[build]V/t
237,P249377.3,3,u[ewe]N sila[lamb]N nud[lie]V/t,u₈ sila₄ nu,P249377,3,0.0,u[ewe]N_sila[lamb]N_nud[lie]V/t
238,P249381.1,1,ab[cow]N utud[bear]V/t,ab₂ u₃-tud,P249381,1,0.0,ab[cow]N_utud[bear]V/t
239,P249381.2,2,ab[cow]N utud[bear]V/t,ab₂ tud,P249381,2,0.0,ab[cow]N_utud[bear]V/t
240,P249381.3,3,ab[cow]N ŋeš[penis]N zu[know]V/t,ab₂ ŋeš₃ zu,P249381,3,0.0,ab[cow]N_ŋeš[penis]N_zu[know]V/t
241,P253246.4,o 1,u[ewe]N,u₈,P253246,4,0.0,u[ewe]N
242,P253246.5,o 2,u[ewe]N peš[thick]V/i,u₈ peš₄,P253246,5,0.0,u[ewe]N_peš[thick]V/i
243,P253246.6,o 3,u[ewe]N sila[lamb]N nud[lie]V/t,u₈ sila₄ nu,P253246,6,0.0,u[ewe]N_sila[lamb]N_nud[lie]V/t
244,P253246.7,o 4,u[ewe]N sila[lamb]N du[build]V/t,u₈ sila₄ du₃,P253246,7,0.0,u[ewe]N_sila[lamb]N_du[build]V/t
245,P253246.8,o 5,u[ewe]N gukkal[sheep]N,u₈ gukkal,P253246,8,0.0,u[ewe]N_gukkal[sheep]N
246,P253246.9,o 6,kir[lamb]N gub[~sheep]V/t,kir₁₁ gub,P253246,9,0.0,kir[lamb]N_gub[~sheep]V/t
247,P253246.10,o 7,kir[lamb]N uzud[goat]N,kir₁₁ uzud,P253246,10,0.0,kir[lamb]N_uzud[goat]N
248,P253246.11,o 8,sila[lamb]N gub[~sheep]V/t,sila₄ gub,P253246,11,0.0,sila[lamb]N_gub[~sheep]V/t
249,P253246.12,o 9,sila[lamb]N nim[high]V/i,sila₄ nim,P253246,12,0.0,sila[lamb]N_nim[high]V/i
250,P253246.13,o 10,sila[lamb]N ur[pluck]V/t,sila₄ ur₄,P253246,13,0.0,sila[lamb]N_ur[pluck]V/t
251,P253246.14,o 11,sila[lamb]N uzud[goat]N,sila₄ uzud,P253246,14,0.0,sila[lamb]N_uzud[goat]N
252,P253246.15,o 12,uzud[goat]N,uzud,P253246,15,0.0,uzud[goat]N
253,P253246.16,o 13,uzud[goat]N gub[stand]V/i,uzud gub,P253246,16,0.0,uzud[goat]N_gub[stand]V/i
254,P253246.17,o 14,uzud[goat]N mah[mature]V/i,uzud mah₂,P253246,17,0.0,uzud[goat]N_mah[mature]V/i
255,P253246.18,o 15,maš[goat]N gaba[chest]N,maš₂ gaba,P253246,18,0.0,maš[goat]N_gaba[chest]N
256,P253246.19,o 16,maš[goat]N x[NA]NA,maš₂ x,P253246,19,0.0,maš[goat]N_x[NA]NA
257,P253246.20,o 17,maš[goat]N x[NA]NA,maš₂ x,P253246,20,0.0,maš[goat]N_x[NA]NA
258,P253246.22,r 1,maš[goat]N x-x[NA]NA,maš₂ x-x,P253246,22,0.0,maš[goat]N_x-x[NA]NA
259,P253246.23,r 2,udu[sheep]N x[NA]NA,udu x,P253246,23,0.0,udu[sheep]N_x[NA]NA
260,P253246.24,r 3,udu[sheep]N gukkal[sheep]N,udu gukkal,P253246,24,0.0,udu[sheep]N_gukkal[sheep]N
261,P253246.25,r 4,udu[sheep]N gukkal[sheep]N mah[mature]V/i,udu gukkal mah₂,P253246,25,0.0,udu[sheep]N_gukkal[sheep]N_mah[mature]V/i
262,P253246.26,r 5,udu[sheep]N A-IGI-x[NA]NA,udu A-IGI-x,P253246,26,0.0,udu[sheep]N_A-IGI-x[NA]NA
263,P253246.27,r 6,udu[sheep]N gabaria[offering]N,udu gaba-ri-a,P253246,27,0.0,udu[sheep]N_gabaria[offering]N
264,P253246.28,r 7,udu[sheep]N mašdarea[payment]N,udu maš₂-da-ri,P253246,28,0.0,udu[sheep]N_mašdarea[payment]N
265,P253246.29,r 8,udu[sheep]N a-x[NA]NA,udu a-x,P253246,29,0.0,udu[sheep]N_a-x[NA]NA
266,P253879.2,o 1,udu[sheep]N niga[fattened]V/i ŋirgul[~wool]N,udu niga ŋir₂-gu-la,P253879,2,0.0,udu[sheep]N_niga[fattened]V/i_ŋirgul[~wool]N
267,P253879.3,o 2,udu[sheep]N nita[male]N,udu nita,P253879,3,0.0,udu[sheep]N_nita[male]N
268,P253879.4,o 3,udu[sheep]N nita[male]N ŋešdu[breeder]N,udu nita ŋeš-du₃-a,P253879,4,0.0,udu[sheep]N_nita[male]N_ŋešdu[breeder]N
269,P253902.4,o 1,sila[lamb]N ud[sun]N buru[harvest]N,sila₄ ud buru₁₄,P253902,4,0.0,sila[lamb]N_ud[sun]N_buru[harvest]N
270,P253902.5,o 2,sila[lamb]N peš[thick]V/i kurušda[fattener]N,sila₄ peš kurušda,P253902,5,0.0,sila[lamb]N_peš[thick]V/i_kurušda[fattener]N
271,P253902.6,o 3,sila[lamb]N ama[mother]N tuku[acquire]V/t,sila₄ ama tuku,P253902,6,0.0,sila[lamb]N_ama[mother]N_tuku[acquire]V/t
272,P254359.3,o 1,udu[sheep]N niŋzuha[stolen-goods]N,udu niŋ₂-zuh,P254359,3,0.0,udu[sheep]N_niŋzuha[stolen-goods]N
273,P254359.4,o 2,udu[sheep]N ŋeštaga[sacrifice]N,udu ŋeš-tag-ga,P254359,4,0.0,udu[sheep]N_ŋeštaga[sacrifice]N
274,P254359.5,o 3,udu[sheep]N mu[name]N pad[find]V/t,udu mu pad₃,P254359,5,0.0,udu[sheep]N_mu[name]N_pad[find]V/t
275,P272557.3,o 1,uzu[flesh]N lipiš[innards]N,uzu lipiš(|AB₂.ŠA₃|),P272557,3,0.0,uzu[flesh]N_lipiš[innards]N
276,P272557.4,o 2,uzu[flesh]N endur[navel?]N,uzu en₃-dur,P272557,4,0.0,uzu[flesh]N_endur[navel?]N
277,P272557.5,o 3,uzu[flesh]N hala[share]N,uzu ha-la,P272557,5,0.0,uzu[flesh]N_hala[share]N
278,P272557.7,r 1,uzu[flesh]N lipiš[innards]N,uzu lipiš(|AB₂.ŠA₃|),P272557,7,0.0,uzu[flesh]N_lipiš[innards]N
279,P272557.8,r 2,uzu[flesh]N endur[navel?]N,uzu en₃-dur,P272557,8,0.0,uzu[flesh]N_endur[navel?]N
280,P272557.9,r 3,uzu[flesh]N hala[share]N,uzu ha-la,P272557,9,0.0,uzu[flesh]N_hala[share]N
281,P388082.3,o 1,uzu[flesh]N lipiš[innards]N,uzu lipiš(|AB₂.ŠA₃|),P388082,3,0.0,uzu[flesh]N_lipiš[innards]N
282,P388082.4,o 2,uzu[flesh]N endur[navel?]N,uzu en₃-dur,P388082,4,0.0,uzu[flesh]N_endur[navel?]N
283,P388082.5,o 3,uzu[flesh]N hala[share]N,uzu ha-la,P388082,5,0.0,uzu[flesh]N_hala[share]N
284,Q000001.1,1,udu[sheep]N niga[fattened]V/i,udu niga,Q000001,1,0.0,udu[sheep]N_niga[fattened]V/i
285,Q000001.2,2,udu[sheep]N niga[fattened]V/i sag[rare]V/i,udu niga sag₁₀,Q000001,2,0.0,udu[sheep]N_niga[fattened]V/i_sag[rare]V/i
286,Q000001.3,3,udu[sheep]N niga[fattened]V/i ŋirgul[~wool]N,udu niga ŋir₂-gu-la,Q000001,3,0.0,udu[sheep]N_niga[fattened]V/i_ŋirgul[~wool]N
287,Q000001.4,4,udu[sheep]N nita[male]N,udu nita₂,Q000001,4,0.0,udu[sheep]N_nita[male]N
288,Q000001.5,5,udu[sheep]N nita[male]N ŋešdu[breeder]N,udu nita₂ ŋeš-du₃-a,Q000001,5,0.0,udu[sheep]N_nita[male]N_ŋešdu[breeder]N
289,Q000001.6,6,udu[sheep]N u[grass]N,udu u₂,Q000001,6,0.0,udu[sheep]N_u[grass]N
290,Q000001.7,7,udu[sheep]N utuwa[stud]N,udu utua(|DAG.KISIM₅×UŠ|),Q000001,7,0.0,udu[sheep]N_utuwa[stud]N
291,Q000001.8,8,udu[sheep]N aslum[sheep]N,udu aslumₓ(|A.LUM|),Q000001,8,0.0,udu[sheep]N_aslum[sheep]N
292,Q000001.9,9,udu[sheep]N aslum[sheep]N niga[fattened]V/i,udu aslumₓ(|A.LUM|) niga,Q000001,9,0.0,udu[sheep]N_aslum[sheep]N_niga[fattened]V/i
293,Q000001.10,10,udu[sheep]N aslum[sheep]N niga[fattened]V/i sag[rare]V/i,udu aslumₓ(|A.LUM|) niga sag₁₀,Q000001,10,0.0,udu[sheep]N_aslum[sheep]N_niga[fattened]V/i_sag[rare]V/i
294,Q000001.11,11,udu[sheep]N aslum[sheep]N gukkal[sheep]N,udu aslumₓ(|A.LUM|) gukkal,Q000001,11,0.0,udu[sheep]N_aslum[sheep]N_gukkal[sheep]N
295,Q000001.12,12,udu[sheep]N gukkal[sheep]N,udu gukkal,Q000001,12,0.0,udu[sheep]N_gukkal[sheep]N
296,Q000001.13,13,udu[sheep]N gukkal[sheep]N niga[fattened]V/i,udu gukkal niga,Q000001,13,0.0,udu[sheep]N_gukkal[sheep]N_niga[fattened]V/i
297,Q000001.14,14,udu[sheep]N gukkal[sheep]N niga[fattened]V/i sag[rare]V/i,udu gukkal niga sag₁₀,Q000001,14,0.0,udu[sheep]N_gukkal[sheep]N_niga[fattened]V/i_sag[rare]V/i
298,Q000001.15,15,udu[sheep]N gukkal[sheep]N ib[hips]N la[hang]V/t,udu gukkal ib₂ la₂,Q000001,15,0.0,udu[sheep]N_gukkal[sheep]N_ib[hips]N_la[hang]V/t
299,Q000001.16,16,udu[sheep]N TU[sheep]N,udu TU,Q000001,16,0.0,udu[sheep]N_TU[sheep]N
300,Q000001.17,17,udu[sheep]N ad[crippled]V/i,udu ad₄,Q000001,17,0.0,udu[sheep]N_ad[crippled]V/i
301,Q000001.18,18,udu[sheep]N kudkudra[disabled]N,udu kud-kud-ra₂,Q000001,18,0.0,udu[sheep]N_kudkudra[disabled]N
302,Q000001.19,19,udu[sheep]N deg[collect]V/t,udu degₓ(RI)-degₓ(RI),Q000001,19,0.0,udu[sheep]N_deg[collect]V/t
303,Q000001.20,20,udu[sheep]N na[cvne]N deg[collect]V/t,udu na degₓ(RI),Q000001,20,0.0,udu[sheep]N_na[cvne]N_deg[collect]V/t
304,Q000001.21,21,udu[sheep]N kur[mountain]N,udu kur,Q000001,21,0.0,udu[sheep]N_kur[mountain]N
305,Q000001.22,22,udu[sheep]N HI.gina[unmng]N,udu HI-gi-na,Q000001,22,0.0,udu[sheep]N_HI.gina[unmng]N
306,Q000001.23,23,udu[sheep]N diŋir[deity]N gu[eat]V/t,udu diŋir gu₇,Q000001,23,0.0,udu[sheep]N_diŋir[deity]N_gu[eat]V/t
307,Q000001.24,24,udu[sheep]N urmah[lion]N gu[eat]V/t,udu ur-mah gu₇,Q000001,24,0.0,udu[sheep]N_urmah[lion]N_gu[eat]V/t
308,Q000001.25,25,udu[sheep]N urbara[wolf]N gu[eat]V/t,udu ur-bar-ra gu₇,Q000001,25,0.0,udu[sheep]N_urbara[wolf]N_gu[eat]V/t
309,Q000001.26,26,udu[sheep]N šurum[litter]N,udu šurum₆-ma,Q000001,26,0.0,udu[sheep]N_šurum[litter]N
310,Q000001.27,27,udu[sheep]N gag[pock]N šub[fall]V/t,udu gag šub,Q000001,27,0.0,udu[sheep]N_gag[pock]N_šub[fall]V/t
311,Q000001.28,28,udu[sheep]N mur[lung]N šub[fall]V/t,udu mur šub,Q000001,28,0.0,udu[sheep]N_mur[lung]N_šub[fall]V/t
312,Q000001.29,29,udu[sheep]N gum[mange]N šub[fall]V/t,udu gan šub,Q000001,29,0.0,udu[sheep]N_gum[mange]N_šub[fall]V/t
313,Q000001.30,30,udu[sheep]N ib[hips]N gig[sick]V/i,udu ib₂ gig,Q000001,30,0.0,udu[sheep]N_ib[hips]N_gig[sick]V/i
314,Q000001.31,31,udu[sheep]N šag[heart]N sur[press]V/t,udu šag₄ sur,Q000001,31,0.0,udu[sheep]N_šag[heart]N_sur[press]V/t
315,Q000001.32,32,udu[sheep]N du[push]V/t,udu du₇-du₇,Q000001,32,0.0,udu[sheep]N_du[push]V/t
316,Q000001.33,33,udu[sheep]N gurgur[~animal]N,udu gur₄-gur₄,Q000001,33,0.0,udu[sheep]N_gurgur[~animal]N
317,Q000001.34,34,udu[sheep]N ur[roof]N,udu ur₃,Q000001,34,0.0,udu[sheep]N_ur[roof]N
318,Q000001.35,35,udu[sheep]N NE[NA]NA ur[roof]N,udu NE ur₃,Q000001,35,0.0,udu[sheep]N_NE[NA]NA_ur[roof]N
319,Q000001.36,36,udu[sheep]N nim[high]V/i,udu nim,Q000001,36,0.0,udu[sheep]N_nim[high]V/i
320,Q000001.37,37,udu[sheep]N nim[high]V/i,udu nim-nim,Q000001,37,0.0,udu[sheep]N_nim[high]V/i
321,Q000001.38,38,udu[sheep]N saŋ[head]N nim[high]V/i,udu saŋ nim-nim,Q000001,38,0.0,udu[sheep]N_saŋ[head]N_nim[high]V/i
322,Q000001.39,39,udu[sheep]N saʾadgal[disease]N,udu sa-ad-gal,Q000001,39,0.0,udu[sheep]N_saʾadgal[disease]N
323,Q000001.40,40,udu[sheep]N saʾadnim[disease]N,udu sa-ad-nim,Q000001,40,0.0,udu[sheep]N_saʾadnim[disease]N
324,Q000001.41,41,udu[sheep]N siʾilla[inspection]N,udu si-il-la₂,Q000001,41,0.0,udu[sheep]N_siʾilla[inspection]N
325,Q000001.42,42,udu[sheep]N si[horn]N min[two]NU la[hang]V/t,udu si min la₂,Q000001,42,0.0,udu[sheep]N_si[horn]N_min[two]NU_la[hang]V/t
326,Q000001.43,43,udu[sheep]N zusiga[~sheep]N,udu zu₂-si-ga,Q000001,43,0.0,udu[sheep]N_zusiga[~sheep]N
327,Q000001.44,44,udu[sheep]N zusiga[~sheep]N kur[mountain]N,udu zu₂-si-ga kur,Q000001,44,0.0,udu[sheep]N_zusiga[~sheep]N_kur[mountain]N
328,Q000001.45,45,udu[sheep]N zusiga[~sheep]N MAR.TU[westerner]N,udu zu₂-si-ga MAR-TU,Q000001,45,0.0,udu[sheep]N_zusiga[~sheep]N_MAR.TU[westerner]N
329,Q000001.46,46,udu[sheep]N maššugidgid[diviner]N,udu maš₂-šu-gid₂-gid₂,Q000001,46,0.0,udu[sheep]N_maššugidgid[diviner]N
330,Q000001.47,47,udu[sheep]N mašdarea[payment]N,udu maš₂-da-ri,Q000001,47,0.0,udu[sheep]N_mašdarea[payment]N
331,Q000001.48,48,udu[sheep]N namuruna[~herd]N,udu nam-urunₓ(EN)-na,Q000001,48,0.0,udu[sheep]N_namuruna[~herd]N
332,Q000001.49,49,udu[sheep]N namraʾak[booty]N,udu nam-ra-ak,Q000001,49,0.0,udu[sheep]N_namraʾak[booty]N
333,Q000001.50,50,udu[sheep]N namerim[oath]N,udu nam-erim₂,Q000001,50,0.0,udu[sheep]N_namerim[oath]N
334,Q000001.51,51,udu[sheep]N Eana[1]TN,udu e₂-an-na,Q000001,51,0.0,udu[sheep]N_Eana[1]TN
335,Q000001.52,52,udu[sheep]N dagaltuma[pouch]N,udu da-gal-tum-ma,Q000001,52,0.0,udu[sheep]N_dagaltuma[pouch]N
336,Q000001.53,53,udu[sheep]N barŋal[~sheep]N,udu bar-ŋal₂,Q000001,53,0.0,udu[sheep]N_barŋal[~sheep]N
337,Q000001.54,54,udu[sheep]N barsuga[~sheep]AJ,udu bar-sug₄,Q000001,54,0.0,udu[sheep]N_barsuga[~sheep]AJ
338,Q000001.55,55,udu[sheep]N barsal[sheep]N,udu bar-sal,Q000001,55,0.0,udu[sheep]N_barsal[sheep]N
339,Q000001.56,56,udu[sheep]N ŋirtab[scorpion]N,udu ŋir₂-tab,Q000001,56,0.0,udu[sheep]N_ŋirtab[scorpion]N
340,Q000001.57,57,udu[sheep]N zulumhi[sheep]N,udu zulumhi,Q000001,57,0.0,udu[sheep]N_zulumhi[sheep]N
341,Q000001.58,58,udu[sheep]N gaba[chest]N,udu gaba,Q000001,58,0.0,udu[sheep]N_gaba[chest]N
342,Q000001.59,59,udu[sheep]N gabaria[offering]N,udu gaba-ri-a,Q000001,59,0.0,udu[sheep]N_gabaria[offering]N
343,Q000001.60,60,udu[sheep]N igidu[gift]N,udu igi-duh-a,Q000001,60,0.0,udu[sheep]N_igidu[gift]N
344,Q000001.61,61,udu[sheep]N urri[~sheep]N,udu ur₂-ri-a,Q000001,61,0.0,udu[sheep]N_urri[~sheep]N
345,Q000001.62,62,udu[sheep]N zag[side]N urri[~sheep]N,udu zag ur₂-ri-a,Q000001,62,0.0,udu[sheep]N_zag[side]N_urri[~sheep]N
346,Q000001.63,63,udu[sheep]N bala[turn]V/t zag[side]N urri[~sheep]N,udu bala zag ur₂-ri-a,Q000001,63,0.0,udu[sheep]N_bala[turn]V/t_zag[side]N_urri[~sheep]N
347,Q000001.64,64,udu[sheep]N ri[unmng]N,udu ri-ri,Q000001,64,0.0,udu[sheep]N_ri[unmng]N
348,Q000001.65,65,udu[sheep]N sig[pluck]V/t,udu si-si-ga,Q000001,65,0.0,udu[sheep]N_sig[pluck]V/t
349,Q000001.66,66,udu[sheep]N a[water]N ak[do]V/t,udu a ak,Q000001,66,0.0,udu[sheep]N_a[water]N_ak[do]V/t
350,Q000001.67,67,udu[sheep]N lipiš[innards]N,udu lipiš,Q000001,67,0.0,udu[sheep]N_lipiš[innards]N
351,Q000001.68,68,udu[sheep]N zuh[steal]V/t,udu zuh,Q000001,68,0.0,udu[sheep]N_zuh[steal]V/t
352,Q000001.69,69,udu[sheep]N TUG₂.da[~sheep]N,udu TUG₂-da,Q000001,69,0.0,udu[sheep]N_TUG₂.da[~sheep]N
353,Q000001.70,70,udu[sheep]N adda[corpse]N,udu adda₂,Q000001,70,0.0,udu[sheep]N_adda[corpse]N
354,Q000001.71,71,udu[sheep]N kurušda[fattener]N,udu kurušda,Q000001,71,0.0,udu[sheep]N_kurušda[fattener]N
355,Q000001.72,72,udu[sheep]N kurušda[fattener]N,udu kurušda,Q000001,72,0.0,udu[sheep]N_kurušda[fattener]N
356,Q000001.73,73,udu[sheep]N ŋissu[shade]N,udu ŋissu,Q000001,73,0.0,udu[sheep]N_ŋissu[shade]N
357,Q000001.74,74,udu[sheep]N sug[empty]V/i,udu sug₄,Q000001,74,0.0,udu[sheep]N_sug[empty]V/i
358,Q000001.75,75,udu[sheep]N ŋešbun[meal]N,udu ŋešbun,Q000001,75,0.0,udu[sheep]N_ŋešbun[meal]N
359,Q000001.76,76,udu[sheep]N KI.KAŠ.NI[meal]N,udu KI-KAŠ-NI,Q000001,76,0.0,udu[sheep]N_KI.KAŠ.NI[meal]N
360,Q000001.77,77,udu[sheep]N ki[place]N ŋar[place]V/t,udu ki ŋar,Q000001,77,0.0,udu[sheep]N_ki[place]N_ŋar[place]V/t
361,Q000001.78,78,udu[sheep]N gu[neck]N ŋar[place]V/t,udu gu₂ ŋar,Q000001,78,0.0,udu[sheep]N_gu[neck]N_ŋar[place]V/t
362,Q000001.79,79,udu[sheep]N šum[slaughter]V/t,udu šum,Q000001,79,0.0,udu[sheep]N_šum[slaughter]V/t
363,Q000001.80,80,udu[sheep]N šušuma[consignment]N,udu šu-šum₂-ma,Q000001,80,0.0,udu[sheep]N_šušuma[consignment]N
364,Q000001.81,81,udu[sheep]N šuduʾa[guarantee]N,udu šu-du₈-a,Q000001,81,0.0,udu[sheep]N_šuduʾa[guarantee]N
365,Q000001.82,82,udu[sheep]N šu[hand]N saŋ[head]N dug[speak]V/t,udu šu saŋ dug₄,Q000001,82,0.0,udu[sheep]N_šu[hand]N_saŋ[head]N_dug[speak]V/t
366,Q000001.83,83,udu[sheep]N zilkum[~animal]N,udu zi-il-kum,Q000001,83,0.0,udu[sheep]N_zilkum[~animal]N
367,Q000001.84,84,udu[sheep]N terzum[presentation]N,udu te-er-zum,Q000001,84,0.0,udu[sheep]N_terzum[presentation]N
368,Q000001.85,85,udu[sheep]N dimma[~sheep]N,udu dimₓ(BALAŊ)-ma,Q000001,85,0.0,udu[sheep]N_dimma[~sheep]N
369,Q000001.86,86,udu[sheep]N sam[price]N,udu sam₂,Q000001,86,0.0,udu[sheep]N_sam[price]N
370,Q000001.87,87,udu[sheep]N šakanka[market]N,udu šakanka(|KI.LAM|),Q000001,87,0.0,udu[sheep]N_šakanka[market]N
371,Q000001.88,88,udu[sheep]N siškur[prayer]N,udu siškur₂,Q000001,88,0.0,udu[sheep]N_siškur[prayer]N
372,Q000001.89,89,udu[sheep]N šud[prayer]N,udu šud₃,Q000001,89,0.0,udu[sheep]N_šud[prayer]N
373,Q000001.90,90,udu[sheep]N ešeš[festival]N,udu eš₃-eš₃,Q000001,90,0.0,udu[sheep]N_ešeš[festival]N
374,Q000001.91,91,udu[sheep]N sikil[pure]V/i,udu sikil,Q000001,91,0.0,udu[sheep]N_sikil[pure]V/i
375,Q000001.92,92,udu[sheep]N saŋ[head]N sikil[pure]V/i,udu saŋ sikil,Q000001,92,0.0,udu[sheep]N_saŋ[head]N_sikil[pure]V/i
376,Q000001.93,93,udu[sheep]N mu[name]N pad[find]V/t,udu mu pad₃,Q000001,93,0.0,udu[sheep]N_mu[name]N_pad[find]V/t
377,Q000001.94,94,udu[sheep]N kadra[gift]N,udu kadra(|GAR.ŠA₃.A|),Q000001,94,0.0,udu[sheep]N_kadra[gift]N
378,Q000001.95,95,udu[sheep]N niŋdea[gift]N,udu niŋ₂-de₂-a,Q000001,95,0.0,udu[sheep]N_niŋdea[gift]N
379,Q000001.96,96,udu[sheep]N niŋdea[gift]N munus[woman]N,udu niŋ₂-de₂-a munus,Q000001,96,0.0,udu[sheep]N_niŋdea[gift]N_munus[woman]N
380,Q000001.97,97,udu[sheep]N sila[bait]N urbara[wolf]N,udu sila ur-bar-ra,Q000001,97,0.0,udu[sheep]N_sila[bait]N_urbara[wolf]N
381,Q000001.98,98,udu[sheep]N gug[grass]N nud[lie]V/t,udu gug-ga nud,Q000001,98,0.0,udu[sheep]N_gug[grass]N_nud[lie]V/t
382,Q000001.99,99,udu[sheep]N hi[mix]V/t,udu hi,Q000001,99,0.0,udu[sheep]N_hi[mix]V/t
383,Q000001.100,100,udu[sheep]N mašanše[animals]N,udu maš₂-anše,Q000001,100,0.0,udu[sheep]N_mašanše[animals]N
384,Q000001.101,101,udu[sheep]N babbar[white]V/i,udu babbar,Q000001,101,0.0,udu[sheep]N_babbar[white]V/i
385,Q000001.102,102,udu[sheep]N giggi[black]V/i,udu giggi,Q000001,102,0.0,udu[sheep]N_giggi[black]V/i
386,Q000001.103,103,udu[sheep]N su[red]V/i,udu su₄,Q000001,103,0.0,udu[sheep]N_su[red]V/i
387,Q000001.104,104,udu[sheep]N sissig[green]V/i,udu sig₇-sig₇,Q000001,104,0.0,udu[sheep]N_sissig[green]V/i
388,Q000001.105,105,udu[sheep]N gunu[speckled]V/i,udu gun₃,Q000001,105,0.0,udu[sheep]N_gunu[speckled]V/i
389,Q000001.106,106,udu[sheep]N mu[sound]V/i ša[cvve]V/t,udu mu₇ ša₄,Q000001,106,0.0,udu[sheep]N_mu[sound]V/i_ša[cvve]V/t
390,Q000001.107,107,u[ewe]N,u₈,Q000001,107,0.0,u[ewe]N
391,Q000001.108,108,u[ewe]N šag[heart]N,u₈ šag₄,Q000001,108,0.0,u[ewe]N_šag[heart]N
392,Q000001.109,109,u[ewe]N šagpeš[pregnant]AJ,u₈ šag₄-peš₄,Q000001,109,0.0,u[ewe]N_šagpeš[pregnant]AJ
393,Q000001.110,110,u[ewe]N utud[bear]V/t,u₈ u₃-tud,Q000001,110,0.0,u[ewe]N_utud[bear]V/t
394,Q000001.111,111,u[ewe]N utud[bear]V/t,u₈ tud,Q000001,111,0.0,u[ewe]N_utud[bear]V/t
395,Q000001.112,112,u[ewe]N ŋeš[penis]N zu[know]V/t,u₈ ŋeš₃ zu-zu,Q000001,112,0.0,u[ewe]N_ŋeš[penis]N_zu[know]V/t
396,Q000001.113,113,u[ewe]N ŋeš[penis]N zu[know]V/t,u₈ ŋeš₃ zu,Q000001,113,0.0,u[ewe]N_ŋeš[penis]N_zu[know]V/t
397,Q000001.114,114,u[ewe]N ib[hips]N gig[sick]V/i,u₈ ib₂ gig,Q000001,114,0.0,u[ewe]N_ib[hips]N_gig[sick]V/i
398,Q000001.115,115,u[ewe]N šag[heart]N sur[press]V/t,u₈ šag₄ sur,Q000001,115,0.0,u[ewe]N_šag[heart]N_sur[press]V/t
399,Q000001.116,116,u[ewe]N sila[lamb]N utud[bear]V/t,u₈ sila₄ tud,Q000001,116,0.0,u[ewe]N_sila[lamb]N_utud[bear]V/t
400,Q000001.117,117,u[ewe]N sila[lamb]N du[go]V/t,u₈ sila₄ du,Q000001,117,0.0,u[ewe]N_sila[lamb]N_du[go]V/t
401,Q000001.118,118,u[ewe]N sila[lamb]N šub[fall]V/t,u₈ sila₄ šub,Q000001,118,0.0,u[ewe]N_sila[lamb]N_šub[fall]V/t
402,Q000001.119,119,u[ewe]N si[horn]N mu[grow]V/t,u₈ si mu₂,Q000001,119,0.0,u[ewe]N_si[horn]N_mu[grow]V/t
403,Q000001.120,120,u[ewe]N deg[collect]V/t,u₈ degₓ(RI)-degₓ(RI),Q000001,120,0.0,u[ewe]N_deg[collect]V/t
404,Q000001.121,121,u[ewe]N na[cvne]N deg[collect]V/t,u₈ na degₓ(RI),Q000001,121,0.0,u[ewe]N_na[cvne]N_deg[collect]V/t
405,Q000001.122,122,u[ewe]N gangig[miscarriage]N dug[speak]V/t,u₈ gan₂-gig dug₄-dug₄,Q000001,122,0.0,u[ewe]N_gangig[miscarriage]N_dug[speak]V/t
406,Q000001.123,123,uzud[goat]N,uzud,Q000001,123,0.0,uzud[goat]N
407,Q000001.124,124,uzud[goat]N gi[turn]V/i,uzud gi₄,Q000001,124,0.0,uzud[goat]N_gi[turn]V/i
408,Q000001.125,125,uzud[goat]N šag[heart]N,uzud šag₄,Q000001,125,0.0,uzud[goat]N_šag[heart]N
409,Q000001.126,126,uzud[goat]N šagpeš[pregnant]AJ,uzud šag₄-peš₁₃(|ŠA₃×TUR|),Q000001,126,0.0,uzud[goat]N_šagpeš[pregnant]AJ
410,Q000001.127,127,uzud[goat]N utud[bear]V/t,uzud u₃-tud,Q000001,127,0.0,uzud[goat]N_utud[bear]V/t
411,Q000001.128,128,uzud[goat]N utud[bear]V/t,uzud tud,Q000001,128,0.0,uzud[goat]N_utud[bear]V/t
412,Q000001.129,129,uzud[goat]N ŋeš[penis]N zu[know]V/t,uzud ŋeš₃ zu-zu,Q000001,129,0.0,uzud[goat]N_ŋeš[penis]N_zu[know]V/t
413,Q000001.130,130,uzud[goat]N ŋeš[penis]N zu[know]V/t,uzud ŋeš₃ zu,Q000001,130,0.0,uzud[goat]N_ŋeš[penis]N_zu[know]V/t
414,Q000001.131,131,uzud[goat]N ib[hips]N gig[sick]V/i,uzud ib₂ gig,Q000001,131,0.0,uzud[goat]N_ib[hips]N_gig[sick]V/i
415,Q000001.132,132,uzud[goat]N šag[heart]N sur[press]V/t,uzud šag₄ sur,Q000001,132,0.0,uzud[goat]N_šag[heart]N_sur[press]V/t
416,Q000001.133,133,maš[goat]N,maš₂,Q000001,133,0.0,maš[goat]N
417,Q000001.134,134,mašgal[goat]N,maš₂-gal,Q000001,134,0.0,mašgal[goat]N
418,Q000001.135,135,maš[goat]N saŋ[head]N,maš₂ saŋ,Q000001,135,0.0,maš[goat]N_saŋ[head]N
419,Q000001.136,136,maš[goat]N zu[tooth]N,maš₂ zu₂,Q000001,136,0.0,maš[goat]N_zu[tooth]N
420,Q000001.137,137,maš[goat]N zu[tooth]N rah[beat]V/t,maš₂ zu₂ ra-ah,Q000001,137,0.0,maš[goat]N_zu[tooth]N_rah[beat]V/t
421,Q000001.138,138,maš[goat]N gaba[chest]N,maš₂ gaba,Q000001,138,0.0,maš[goat]N_gaba[chest]N
422,Q000001.139,139,maš[goat]N gabaria[offering]N,maš₂ gaba-ri-a,Q000001,139,0.0,maš[goat]N_gabaria[offering]N
423,Q000001.140,140,maš[goat]N igidu[gift]N,maš₂ igi-duh-a,Q000001,140,0.0,maš[goat]N_igidu[gift]N
424,Q000001.141,141,maš[goat]N gub[~sheep]V/t,maš₂ gub,Q000001,141,0.0,maš[goat]N_gub[~sheep]V/t
425,Q000001.142,142,maš[goat]N lipiš[innards]N,maš₂ lipiš,Q000001,142,0.0,maš[goat]N_lipiš[innards]N
426,Q000001.143,143,maš[goat]N sala[bug-ridden]AJ,maš₂ za-la₂,Q000001,143,0.0,maš[goat]N_sala[bug-ridden]AJ
427,Q000001.144,144,maš[goat]N kur[mountain]N,maš₂ kur,Q000001,144,0.0,maš[goat]N_kur[mountain]N
428,Q000001.145,145,maš[goat]N sakeškešsa[bug-ridden]N,maš₂ sa-keš₂-keš₂-sa,Q000001,145,0.0,maš[goat]N_sakeškešsa[bug-ridden]N
429,Q000001.146,146,maš[goat]N guʾeguʾe[fatty?]AJ,maš₂ gu₂-e₃-gu₂-e₃,Q000001,146,0.0,maš[goat]N_guʾeguʾe[fatty?]AJ
430,Q000001.147,147,maš[goat]N min[two]NU,maš₂ min,Q000001,147,0.0,maš[goat]N_min[two]NU
431,Q000001.148,148,maš[goat]N eš[three]NU,maš₂ eš₅,Q000001,148,0.0,maš[goat]N_eš[three]NU
432,Q000001.149,149,maš[goat]N babbar[white]V/i,maš₂ babbar,Q000001,149,0.0,maš[goat]N_babbar[white]V/i
433,Q000001.150,150,maš[goat]N giggi[black]V/i,maš₂ giggi,Q000001,150,0.0,maš[goat]N_giggi[black]V/i
434,Q000001.151,151,maš[goat]N su[red]V/i,maš₂ su₄,Q000001,151,0.0,maš[goat]N_su[red]V/i
435,Q000001.152,152,maš[goat]N kiŋgia[~animal]N,maš₂ kiŋ₂-gi₄-a,Q000001,152,0.0,maš[goat]N_kiŋgia[~animal]N
436,Q000001.153,153,sila[lamb]N,sila₄,Q000001,153,0.0,sila[lamb]N
437,Q000001.154,154,sila[lamb]N kiŋgia[~animal]N,sila₄ kiŋ₂-gi₄-a,Q000001,154,0.0,sila[lamb]N_kiŋgia[~animal]N
438,Q000001.155,155,sila[lamb]N gaba[chest]N,sila₄ gaba,Q000001,155,0.0,sila[lamb]N_gaba[chest]N
439,Q000001.156,156,sila[lamb]N gabaria[offering]N,sila₄ gaba-ri-a,Q000001,156,0.0,sila[lamb]N_gabaria[offering]N
440,Q000001.157,157,sila[lamb]N igidu[gift]N,sila₄ igi-duh-a,Q000001,157,0.0,sila[lamb]N_igidu[gift]N
441,Q000001.158,158,sila[lamb]N nim[high]V/i,sila₄ nim,Q000001,158,0.0,sila[lamb]N_nim[high]V/i
442,Q000001.159,159,sila[lamb]N ud[sun]N buru[harvest]N,sila₄ ud buru₁₄,Q000001,159,0.0,sila[lamb]N_ud[sun]N_buru[harvest]N
443,Q000001.160,160,sila[lamb]N enten[winter]N,sila₄ en-te-na,Q000001,160,0.0,sila[lamb]N_enten[winter]N
444,Q000001.161,161,sila[lamb]N maš[goat]N,sila₄ maš₂,Q000001,161,0.0,sila[lamb]N_maš[goat]N
445,Q000001.162,162,sila[lamb]N aslum[sheep]N,sila₄ aslumₓ(|A.LUM|),Q000001,162,0.0,sila[lamb]N_aslum[sheep]N
446,Q000001.163,163,sila[lamb]N ga[milk]N,sila₄ ga,Q000001,163,0.0,sila[lamb]N_ga[milk]N
447,Q000001.164,164,sila[lamb]N ga[milk]N gu[eat]V/t,sila₄ ga gu₇,Q000001,164,0.0,sila[lamb]N_ga[milk]N_gu[eat]V/t
448,Q000001.165,165,sila[lamb]N ga[milk]N naŋ[drink]V/t,sila₄ ga naŋ,Q000001,165,0.0,sila[lamb]N_ga[milk]N_naŋ[drink]V/t
449,Q000001.166,166,sila[lamb]N ga[milk]N sub[rub]V/t,sila₄ ga sub,Q000001,166,0.0,sila[lamb]N_ga[milk]N_sub[rub]V/t
450,Q000001.167,167,kir[lamb]N gub[~sheep]V/t,kir₁₁ gub,Q000001,167,0.0,kir[lamb]N_gub[~sheep]V/t
451,Q000001.168,168,sila[lamb]N gub[~sheep]V/t,sila₄ gub,Q000001,168,0.0,sila[lamb]N_gub[~sheep]V/t
452,Q000001.169,169,kir[lamb]N dili[single]V/i ur[pluck]V/t,kir₁₁ dili ur₄,Q000001,169,0.0,kir[lamb]N_dili[single]V/i_ur[pluck]V/t
453,Q000001.170,170,sila[lamb]N dili[single]V/i ur[pluck]V/t,sila₄ dili ur₄,Q000001,170,0.0,sila[lamb]N_dili[single]V/i_ur[pluck]V/t
454,Q000001.171,171,ašgar[kid]N,{munus}aš₂-gar₃,Q000001,171,0.0,ašgar[kid]N
455,Q000001.172,172,ašgar[kid]N ŋeš[penis]N zu[know]V/t,{munus}aš₂-gar₃ ŋeš₃ zu-zu,Q000001,172,0.0,ašgar[kid]N_ŋeš[penis]N_zu[know]V/t
456,Q000001.173,173,ašgar[kid]N ŋeš[penis]N zu[know]V/t,{munus}aš₂-gar₃ ŋeš₃ zu,Q000001,173,0.0,ašgar[kid]N_ŋeš[penis]N_zu[know]V/t
457,Q000001.174,174,gud[ox]N,gud,Q000001,174,0.0,gud[ox]N
458,Q000001.175,175,gud[ox]N a[arm]N ur[harness]N,gud a₂ ur₃,Q000001,175,0.0,gud[ox]N_a[arm]N_ur[harness]N
459,Q000001.176,176,gud[ox]N ŋešdu[breeder]N,gud ŋeš-du₃-a,Q000001,176,0.0,gud[ox]N_ŋešdu[breeder]N
460,Q000001.177,177,gud[ox]N ŋeštaga[sacrifice]N,gud ŋeš-tag-ga,Q000001,177,0.0,gud[ox]N_ŋeštaga[sacrifice]N
461,Q000001.178,178,gud[ox]N mah[mature]V/i,gud mah₂,Q000001,178,0.0,gud[ox]N_mah[mature]V/i
462,Q000001.179,179,gud[ox]N šugi[senior]N,gud šu-gi₄,Q000001,179,0.0,gud[ox]N_šugi[senior]N
463,Q000001.180,180,gud[ox]N šuagina[offerings]N,gud šu-gi-na,Q000001,180,0.0,gud[ox]N_šuagina[offerings]N
464,Q000001.181,181,gud[ox]N x-ra[NA]NA,gud x-ra,Q000001,181,0.0,gud[ox]N_x-ra[NA]NA
465,Q000001.182,182,gud[ox]N deg[collect]V/t,gud degₓ(RI)-degₓ(RI),Q000001,182,0.0,gud[ox]N_deg[collect]V/t
466,Q000001.183,183,gud[ox]N na[cvne]N deg[collect]V/t,gud na degₓ(RI),Q000001,183,0.0,gud[ox]N_na[cvne]N_deg[collect]V/t
467,Q000001.184,184,gud[ox]N babbar[white]V/i,gud babbar,Q000001,184,0.0,gud[ox]N_babbar[white]V/i
468,Q000001.185,185,gud[ox]N giggi[black]V/i,gud giggi,Q000001,185,0.0,gud[ox]N_giggi[black]V/i
469,Q000001.186,186,gud[ox]N su[red]V/i,gud su₄,Q000001,186,0.0,gud[ox]N_su[red]V/i
470,Q000001.187,187,gud[ox]N sissig[green]V/i,gud sig₇-sig₇,Q000001,187,0.0,gud[ox]N_sissig[green]V/i
471,Q000001.188,188,gud[ox]N gunu[speckled]V/i,gud gun₃,Q000001,188,0.0,gud[ox]N_gunu[speckled]V/i
472,Q000001.189,189,gud[ox]N dalla[bright]V/i,gud dalla,Q000001,189,0.0,gud[ox]N_dalla[bright]V/i
473,Q000001.190,190,gud[ox]N kur[mountain]N,gud kur,Q000001,190,0.0,gud[ox]N_kur[mountain]N
474,Q000001.191,191,gud[ox]N hunu[weak]V/i,gud hu-nu,Q000001,191,0.0,gud[ox]N_hunu[weak]V/i
475,Q000001.192,192,gud[ox]N a₂.gur.X[~oxen]N,gud a₂-gur-X,Q000001,192,0.0,gud[ox]N_a₂.gur.X[~oxen]N
476,Q000001.193,193,gud[ox]N a₂.gur.X.X[~oxen]N,gud a₂-gur-x-x,Q000001,193,0.0,gud[ox]N_a₂.gur.X.X[~oxen]N
477,Q000001.194,194,gud[ox]N a₂-x-x[NA]NA,gud a₂-x-x,Q000001,194,0.0,gud[ox]N_a₂-x-x[NA]NA
478,Q000001.195,195,gud[ox]N x[NA]NA,gud x,Q000001,195,0.0,gud[ox]N_x[NA]NA
479,Q000001.196,196,gudalim[bovid]N,gud-alim-bu,Q000001,196,0.0,gudalim[bovid]N
480,Q000001.197,197,gud[ox]N an[sky]N,gud an,Q000001,197,0.0,gud[ox]N_an[sky]N
481,Q000001.198,198,gud[ox]N dumu[child]N {d}utu[NA]NA,gud dumu {d}utu,Q000001,198,0.0,gud[ox]N_dumu[child]N_{d}utu[NA]NA
482,Q000001.199,199,gud[ox]N kun[tail]N,gud kun,Q000001,199,0.0,gud[ox]N_kun[tail]N
483,Q000001.200,200,gud[ox]N Lullubi[1]GN,gud lu-lu-bu-um,Q000001,200,0.0,gud[ox]N_Lullubi[1]GN
484,Q000001.201,201,gud[ox]N ki[place]N ŋar[place]V/t,gud ki ŋar,Q000001,201,0.0,gud[ox]N_ki[place]N_ŋar[place]V/t
485,Q000001.202,202,gud[ox]N gu[neck]N ŋar[place]V/t,gud gu₂ ŋar,Q000001,202,0.0,gud[ox]N_gu[neck]N_ŋar[place]V/t
486,Q000001.203,203,gud[ox]N ab[cow]N,gud ab₂,Q000001,203,0.0,gud[ox]N_ab[cow]N
487,Q000001.204,204,gud[ox]N ab[cow]N hi[mix]V/t,gud ab₂ hi,Q000001,204,0.0,gud[ox]N_ab[cow]N_hi[mix]V/t
488,Q000001.205,205,ab[cow]N,ab₂,Q000001,205,0.0,ab[cow]N
489,Q000001.206,206,ab[cow]N šilam[cow]N,ab₂ šilamₓ(|NUN.LAGAR|),Q000001,206,0.0,ab[cow]N_šilam[cow]N
490,Q000001.207,207,ab[cow]N peš[thick]V/i,ab₂ peš₇,Q000001,207,0.0,ab[cow]N_peš[thick]V/i
491,Q000001.208,208,ab[cow]N šar[~cow]N,ab₂ šarₓ(NE),Q000001,208,0.0,ab[cow]N_šar[~cow]N
492,Q000001.209,209,ab[cow]N suhub[~oxen]N,ab₂ suhub(|BAR.(3×AN)|),Q000001,209,0.0,ab[cow]N_suhub[~oxen]N
493,Q000001.210,210,ab[cow]N ubur[breast]N,ab₂ ubur(|DAG.KISIM₅×GA|),Q000001,210,0.0,ab[cow]N_ubur[breast]N
494,Q000001.211,211,ab[cow]N utud[bear]V/t,ab₂ u₃-tud,Q000001,211,0.0,ab[cow]N_utud[bear]V/t
495,Q000001.212,212,ab[cow]N utud[bear]V/t,ab₂ tud,Q000001,212,0.0,ab[cow]N_utud[bear]V/t
496,Q000001.213,213,ab[cow]N ŋeš[penis]N zu[know]V/t,ab₂ ŋeš₃ zu-zu,Q000001,213,0.0,ab[cow]N_ŋeš[penis]N_zu[know]V/t
497,Q000001.214,214,ab[cow]N ŋeš[penis]N zu[know]V/t,ab₂ ŋeš₃ zu,Q000001,214,0.0,ab[cow]N_ŋeš[penis]N_zu[know]V/t
498,Q000001.215,215,ab[cow]N ib[hips]N gig[sick]V/i,ab₂ ib₂ gig,Q000001,215,0.0,ab[cow]N_ib[hips]N_gig[sick]V/i
499,Q000001.216,216,ab[cow]N šag[heart]N sur[press]V/t,ab₂ šag₄ sur,Q000001,216,0.0,ab[cow]N_šag[heart]N_sur[press]V/t
500,Q000001.217,217,ab[cow]N mah[mature]V/i,ab₂ mah₂,Q000001,217,0.0,ab[cow]N_mah[mature]V/i
501,Q000001.218,218,ab[cow]N šugi[senior]N,ab₂ šu-gi₄,Q000001,218,0.0,ab[cow]N_šugi[senior]N
502,Q000001.219,219,ab[cow]N si[horn]N ŋal[be]V/i,ab₂ si ŋal₂,Q000001,219,0.0,ab[cow]N_si[horn]N_ŋal[be]V/i
503,Q000001.220,220,ab[cow]N si[horn]N ŋal[be]V/i,ab₂ si ŋal₂,Q000001,220,0.0,ab[cow]N_si[horn]N_ŋal[be]V/i
504,Q000001.221,221,abzaza[zebu]N,ab₂-za-za,Q000001,221,0.0,abzaza[zebu]N
505,Q000001.222,222,amar[young]N,amar,Q000001,222,0.0,amar[young]N
506,Q000001.223,223,amar[young]N ga[milk]N,amar ga,Q000001,223,0.0,amar[young]N_ga[milk]N
507,Q000001.224,224,amar[young]N ga[milk]N naŋ[drink]V/t,amar ga naŋ,Q000001,224,0.0,amar[young]N_ga[milk]N_naŋ[drink]V/t
508,Q000001.225,225,amar[young]N ga[milk]N gu[eat]V/t,amar ga gu₇,Q000001,225,0.0,amar[young]N_ga[milk]N_gu[eat]V/t
509,Q000001.226,226,amar[young]N ga[milk]N sub[rub]V/t,amar ga sub,Q000001,226,0.0,amar[young]N_ga[milk]N_sub[rub]V/t
510,Q000001.227,227,amar[young]N sah[playful]AJ,amar sah₄,Q000001,227,0.0,amar[young]N_sah[playful]AJ
511,Q000001.228,228,amar[young]N lirum[strength]N,amar lirum,Q000001,228,0.0,amar[young]N_lirum[strength]N
512,Q000001.229,229,amar[young]N banda[junior]V/i,amar banda₃{da},Q000001,229,0.0,amar[young]N_banda[junior]V/i
513,Q000001.230,230,amar[young]N mu[year]N 3(aš)[NA]NA,amar mu 3(aš),Q000001,230,0.0,amar[young]N_mu[year]N_3(aš)[NA]NA
514,Q000001.231,231,amar[young]N mu[year]N 2(aš)[NA]NA,amar mu 2(aš),Q000001,231,0.0,amar[young]N_mu[year]N_2(aš)[NA]NA
515,Q000001.232,232,amar[young]N mu[year]N 1(aš)[NA]NA,amar mu 1(aš),Q000001,232,0.0,amar[young]N_mu[year]N_1(aš)[NA]NA
516,Q000001.233,233,amar[young]N babbar[white]V/i,amar babbar,Q000001,233,0.0,amar[young]N_babbar[white]V/i
517,Q000001.234,234,amar[young]N giggi[black]V/i,amar giggi,Q000001,234,0.0,amar[young]N_giggi[black]V/i
518,Q000001.235,235,amar[young]N su[red]V/i,amar su₄,Q000001,235,0.0,amar[young]N_su[red]V/i
519,Q000001.236,236,amar[young]N sissig[green]V/i,amar sig₇-sig₇,Q000001,236,0.0,amar[young]N_sissig[green]V/i
520,Q000001.237,237,amar[young]N gunu[speckled]V/i,amar gun₃,Q000001,237,0.0,amar[young]N_gunu[speckled]V/i
521,Q000001.238,238,anše[equid]N,anše,Q000001,238,0.0,anše[equid]N
522,Q000001.239,239,dusu[equid]N,dusu₂,Q000001,239,0.0,dusu[equid]N
523,Q000001.240,240,kunga[equid]N,{anše}kungaₓ(KI),Q000001,240,0.0,kunga[equid]N
524,Q000001.241,241,anše[equid]N kaš[runner]N,anše kaš₄,Q000001,241,0.0,anše[equid]N_kaš[runner]N
525,Q000001.242,242,dur[donkey]N gu[voice]N di[speak]V/t,dur₃ gu₃ di,Q000001,242,0.0,dur[donkey]N_gu[voice]N_di[speak]V/t
526,Q000001.243,243,anše[equid]N KA-x[NA]NA,anše KA-x,Q000001,243,0.0,anše[equid]N_KA-x[NA]NA
527,Q000001.244,244,dur[donkey]N,dur₃{ur₃},Q000001,244,0.0,dur[donkey]N
528,Q000001.245,245,dur[donkey]N AŠ[NA]NA,dur₃{ur₃} AŠ,Q000001,245,0.0,dur[donkey]N_AŠ[NA]NA
529,Q000001.246,246,anšeʾedenak[equid]N,anše-eden-na,Q000001,246,0.0,anšeʾedenak[equid]N
530,Q000001.247,247,anše[equid]N nun[prince]N,anše nun,Q000001,247,0.0,anše[equid]N_nun[prince]N
531,Q000001.248,248,anšeŋirnun[equid]N,anše-ŋir₂-nun,Q000001,248,0.0,anšeŋirnun[equid]N
532,Q000001.249,249,anše[equid]N guza[chair]N,anše {ŋeš}gu-za,Q000001,249,0.0,anše[equid]N_guza[chair]N
533,Q000001.250,250,anše[equid]N gigir[chariot]N,anše {ŋeš}gigir,Q000001,250,0.0,anše[equid]N_gigir[chariot]N
534,Q000001.251,251,anše[equid]N barag[sack]N la[hang]V/t,anše barag la₂,Q000001,251,0.0,anše[equid]N_barag[sack]N_la[hang]V/t
535,Q000001.252,252,sisi[horse]N,sisi,Q000001,252,0.0,sisi[horse]N
536,Q000001.253,253,eme[donkey]N,eme₃(|SAL.ANŠE|),Q000001,253,0.0,eme[donkey]N
537,Q000001.254,254,eme[donkey]N,eme₅,Q000001,254,0.0,eme[donkey]N
538,Q000001.255,255,eme[donkey]N šag[heart]N,eme₅ šag₄,Q000001,255,0.0,eme[donkey]N_šag[heart]N
539,Q000001.256,256,eme[donkey]N šagpeš[pregnant]AJ,eme₅ šag₄-peš₄,Q000001,256,0.0,eme[donkey]N_šagpeš[pregnant]AJ
540,Q000001.257,257,eme[donkey]N utud[bear]V/t,eme₅ u₃-tud,Q000001,257,0.0,eme[donkey]N_utud[bear]V/t
541,Q000001.258,258,eme[donkey]N utud[bear]V/t,eme₅ tud,Q000001,258,0.0,eme[donkey]N_utud[bear]V/t
542,Q000001.259,259,eme[donkey]N ŋeš[penis]N zu[know]V/t,eme₅ ŋeš₃ zu-zu,Q000001,259,0.0,eme[donkey]N_ŋeš[penis]N_zu[know]V/t
543,Q000001.260,260,eme[donkey]N ŋeš[penis]N zu[know]V/t,eme₅ ŋeš₃ zu,Q000001,260,0.0,eme[donkey]N_ŋeš[penis]N_zu[know]V/t
544,Q000001.261,261,eme[donkey]N ib[hips]N gig[sick]V/i,eme₅ ib₂ gig,Q000001,261,0.0,eme[donkey]N_ib[hips]N_gig[sick]V/i
545,Q000001.262,262,eme[donkey]N šag[heart]N sur[press]V/t,eme₅ šag₄ sur,Q000001,262,0.0,eme[donkey]N_šag[heart]N_sur[press]V/t
546,Q000001.263,263,muš[snake]N,muš,Q000001,263,0.0,muš[snake]N
547,Q000001.264,264,muš[snake]N huš[reddish]V/i,muš huš,Q000001,264,0.0,muš[snake]N_huš[reddish]V/i
548,Q000001.265,265,muš[snake]N Nirah[1]DN,muš {d}nirah,Q000001,265,0.0,muš[snake]N_Nirah[1]DN
549,Q000001.266,266,muš[snake]N ušumgal[dragon]N,muš ušumgal,Q000001,266,0.0,muš[snake]N_ušumgal[dragon]N
550,Q000001.267,267,muš[snake]N na[stone]N,muš na₄,Q000001,267,0.0,muš[snake]N_na[stone]N
551,Q000001.268,268,muš[snake]N a[water]N,muš a,Q000001,268,0.0,muš[snake]N_a[water]N
552,Q000001.269,269,muš[snake]N sahar[dust]N,muš sahar,Q000001,269,0.0,muš[snake]N_sahar[dust]N
553,Q000001.270,270,muš[snake]N gud[nest]N,muš gud₃,Q000001,270,0.0,muš[snake]N_gud[nest]N
554,Q000001.271,271,muš[snake]N sas[grass]N,muš {u₂}|KI.KAL|,Q000001,271,0.0,muš[snake]N_sas[grass]N
555,Q000001.272,272,muš[snake]N ribba[plant]N,muš {u₂}rib-ba,Q000001,272,0.0,muš[snake]N_ribba[plant]N
556,Q000001.273,273,muš[snake]N kindar[hole]N,muš ki-in-dar,Q000001,273,0.0,muš[snake]N_kindar[hole]N
557,Q000001.274,274,muš[snake]N kiʾuš[waste]N,muš ki-uš₂,Q000001,274,0.0,muš[snake]N_kiʾuš[waste]N
558,Q000001.275,275,muš[snake]N ŋušur[beam]N,muš {ŋeš}ŋušur,Q000001,275,0.0,muš[snake]N_ŋušur[beam]N
559,Q000001.276,276,muš[snake]N šagtur[womb]N,muš šag₄-tur₃,Q000001,276,0.0,muš[snake]N_šagtur[womb]N
560,Q000001.277,277,muš[snake]N saŋ[head]N imin[seven]NU,muš saŋ imin,Q000001,277,0.0,muš[snake]N_saŋ[head]N_imin[seven]NU
561,Q000001.278,278,muš[snake]N eme[tongue]N min[two]NU,muš eme min,Q000001,278,0.0,muš[snake]N_eme[tongue]N_min[two]NU
562,Q000001.279,279,muš[snake]N saŋkal[foremost]AJ,muš saŋ-kal,Q000001,279,0.0,muš[snake]N_saŋkal[foremost]AJ
563,Q000001.280,280,muš[snake]N si[horn]N gur[lift]V/t,muš si gur₃-ru,Q000001,280,0.0,muš[snake]N_si[horn]N_gur[lift]V/t
564,Q000001.281,281,muš[snake]N kun[tail]N kud[cut]V/t,muš kun kud,Q000001,281,0.0,muš[snake]N_kun[tail]N_kud[cut]V/t
565,Q000001.282,282,muš[snake]N šagsig[weft]N,muš šag₄-sig,Q000001,282,0.0,muš[snake]N_šagsig[weft]N
566,Q000001.283,283,muš[snake]N uŋiri[unmng]N mu[grow]V/t,muš u₂-ŋiri₃ mu₂,Q000001,283,0.0,muš[snake]N_uŋiri[unmng]N_mu[grow]V/t
567,Q000001.284,284,muš[snake]N gar[knob]N ŋeštin[vine]N,muš gar₃ ŋeštin,Q000001,284,0.0,muš[snake]N_gar[knob]N_ŋeštin[vine]N
568,Q000001.285,285,muš[snake]N igi[eye]N ŋal[be]V/i,muš igi ŋal₂,Q000001,285,0.0,muš[snake]N_igi[eye]N_ŋal[be]V/i
569,Q000001.286,286,urmah[lion]N,ur-mah,Q000001,286,0.0,urmah[lion]N
570,Q000001.287,287,urnig[lioness]N,ur-nig,Q000001,287,0.0,urnig[lioness]N
571,Q000001.288,288,urbara[wolf]N,ur-bar-ra,Q000001,288,0.0,urbara[wolf]N
572,Q000001.289,289,urgir[dog]N,ur-gir₁₅,Q000001,289,0.0,urgir[dog]N
573,Q000001.290,290,urki[dog]N,ur-ki,Q000001,290,0.0,urki[dog]N
574,Q000001.291,291,urtur[puppy]N,ur-tur,Q000001,291,0.0,urtur[puppy]N
575,Q000001.292,292,urdib[cub]N,ur-dib,Q000001,292,0.0,urdib[cub]N
576,Q000001.293,293,uršub[tiger]N,ur-šub₅,Q000001,293,0.0,uršub[tiger]N
577,Q000001.294,294,uršubkuda[wild-animal]N,ur-šub₅-kud-da,Q000001,294,0.0,uršubkuda[wild-animal]N
578,Q000001.295,295,az[bear]N,az,Q000001,295,0.0,az[bear]N
579,Q000001.296,296,piriŋ[lion]N,piriŋ,Q000001,296,0.0,piriŋ[lion]N
580,Q000001.297,297,nemur[leopard]N,nemurₓ(|PIRIG.TUR|),Q000001,297,0.0,nemur[leopard]N
581,Q000001.298,298,piriŋ[lion]N kag[mouth]N duh[loosen]V/t,piriŋ ka duh,Q000001,298,0.0,piriŋ[lion]N_kag[mouth]N_duh[loosen]V/t
582,Q000001.299,299,nig[dog]N,nig,Q000001,299,0.0,nig[dog]N
583,Q000001.300,300,nig[dog]N amar[young]N,nig amar,Q000001,300,0.0,nig[dog]N_amar[young]N
584,Q000001.301,301,sua[cat]N,su-a,Q000001,301,0.0,sua[cat]N
585,Q000001.302,302,suari[cat]N,su-a-ri,Q000001,302,0.0,suari[cat]N
586,Q000001.303,303,kaʾa[fox]N,ka₅-a,Q000001,303,0.0,kaʾa[fox]N
587,Q000001.304,304,kuda[animal]N,kud-da,Q000001,304,0.0,kuda[animal]N
588,Q000001.305,305,ugubi[monkey]N,{+ugu}ugu₄-bi,Q000001,305,0.0,ugubi[monkey]N
589,Q000001.306,306,munus[woman]N ugubi[monkey]N,munus {+ugu}ugu₄-bi,Q000001,306,0.0,munus[woman]N_ugubi[monkey]N
590,Q000001.307,307,lulim[stag]N,lu-lim,Q000001,307,0.0,lulim[stag]N
591,Q000001.308,308,udutil[sheep]N,udu-til,Q000001,308,0.0,udutil[sheep]N
592,Q000001.309,309,mašda[gazelle]N,maš-da₃,Q000001,309,0.0,mašda[gazelle]N
593,Q000001.310,310,amar[young]N mašda[gazelle]N,amar maš-da₃,Q000001,310,0.0,amar[young]N_mašda[gazelle]N
594,Q000001.311,311,šeg[animal]N,šeg₉,Q000001,311,0.0,šeg[animal]N
595,Q000001.312,312,šeŋbar[animal]N,šeŋ₉-bar,Q000001,312,0.0,šeŋbar[animal]N
596,Q000001.313,313,durah[goat]N,durah,Q000001,313,0.0,durah[goat]N
597,Q000001.314,314,durahmaš[ram]N,durah-maš,Q000001,314,0.0,durahmaš[ram]N
598,Q000001.315,315,KUN-UŠ[NA]NA,KUN-UŠ,Q000001,315,0.0,KUN-UŠ[NA]NA
599,Q000001.316,316,ban₂.HU[animal]N,ban₂-HU,Q000001,316,0.0,ban₂.HU[animal]N
600,Q000001.317,317,dimšah[hippopotamus]N,dim₃-šah₂,Q000001,317,0.0,dimšah[hippopotamus]N
601,Q000001.318,318,am[bull]N,am,Q000001,318,0.0,am[bull]N
602,Q000001.319,319,amsi[elephant]N,am-si,Q000001,319,0.0,amsi[elephant]N
603,Q000001.320,320,amsi[elephant]N kur[mountain]N,am-si kur,Q000001,320,0.0,amsi[elephant]N_kur[mountain]N
604,Q000001.321,321,sumun[cow]N,sumun₂,Q000001,321,0.0,sumun[cow]N
605,Q000001.322,322,kir[hyena]N,kir₄,Q000001,322,0.0,kir[hyena]N
606,Q000001.323,323,immal[cow]N,immal₂,Q000001,323,0.0,immal[cow]N
607,Q000001.324,324,umamu[beasts]N,u₂-ma-am,Q000001,324,0.0,umamu[beasts]N
608,Q000001.325,325,niŋki[herd]N,niŋ₂-ki,Q000001,325,0.0,niŋki[herd]N
609,Q000001.326,326,azalulu[multitude]N,a-za-lu-lu,Q000001,326,0.0,azalulu[multitude]N
610,Q000001.327,327,azalulu[multitude]N,a-za-lu-lu,Q000001,327,0.0,azalulu[multitude]N
611,Q000001.328,328,niŋziŋal[living-creature]N eden[back]N,niŋ₂-zi-ŋal₂ eden,Q000001,328,0.0,niŋziŋal[living-creature]N_eden[back]N
612,Q000001.329,329,eh[insect]N,eh,Q000001,329,0.0,eh[insect]N
613,Q000001.330,330,eh[insect]N,eh,Q000001,330,0.0,eh[insect]N
614,Q000001.331,331,eh[insect]N,eh,Q000001,331,0.0,eh[insect]N
615,Q000001.332,332,eh[insect]N,eh,Q000001,332,0.0,eh[insect]N
616,Q000001.333,333,saŋtasa[insect]N,saŋ-ta-sa₂,Q000001,333,0.0,saŋtasa[insect]N
617,Q000001.334,334,zu[tooth]N uman[insect]N,zu₂ umanₓ(|HI×AŠ₂|),Q000001,334,0.0,zu[tooth]N_uman[insect]N
618,Q000001.335,335,uman[insect]N,umanₓ(|HI×AŠ₂|),Q000001,335,0.0,uman[insect]N
619,Q000001.336,336,uman[insect]N a[water]N,umanₓ(|HI×AŠ₂|) a,Q000001,336,0.0,uman[insect]N_a[water]N
620,Q000001.337,337,uman[insect]N saŋdu[head]N,umanₓ(|HI×AŠ₂|) saŋ-du,Q000001,337,0.0,uman[insect]N_saŋdu[head]N
621,Q000001.338,338,uman[insect]N ašag[field]N,umanₓ(|HI×AŠ₂|) a-šag₄,Q000001,338,0.0,uman[insect]N_ašag[field]N
622,Q000001.339,339,uman[insect]N še[barley]N,umanₓ(|HI×AŠ₂|) še,Q000001,339,0.0,uman[insect]N_še[barley]N
623,Q000001.340,340,uman[insect]N nisig[greenery]N,umanₓ(|HI×AŠ₂|) nisig,Q000001,340,0.0,uman[insect]N_nisig[greenery]N
624,Q000001.341,341,uman[insect]N zid[flour]N,umanₓ(|HI×AŠ₂|) zid₂,Q000001,341,0.0,uman[insect]N_zid[flour]N
625,Q000001.342,342,uman[insect]N ŋušur[beam]N,umanₓ(|HI×AŠ₂|) {ŋeš}ŋušur,Q000001,342,0.0,uman[insect]N_ŋušur[beam]N
626,Q000001.343,343,uman[insect]N DUN[NA]NA,umanₓ(|HI×AŠ₂|) DUN,Q000001,343,0.0,uman[insect]N_DUN[NA]NA
627,Q000001.344,344,nim[fly]N,nim,Q000001,344,0.0,nim[fly]N
628,Q000001.345,345,nim[fly]N sahar[dust]N,nim sahar,Q000001,345,0.0,nim[fly]N_sahar[dust]N
629,Q000001.346,346,nim[fly]N urmah[lion]N,nim ur-mah,Q000001,346,0.0,nim[fly]N_urmah[lion]N
630,Q000001.347,347,nim[fly]N urnig[lioness]N,nim ur-nig,Q000001,347,0.0,nim[fly]N_urnig[lioness]N
631,Q000001.348,348,nim[fly]N urbara[wolf]N,nim ur-bar-ra,Q000001,348,0.0,nim[fly]N_urbara[wolf]N
632,Q000001.349,349,nim[fly]N urgir[dog]N,nim ur-gir₁₅,Q000001,349,0.0,nim[fly]N_urgir[dog]N
633,Q000001.350,350,nim[fly]N urki[dog]N,nim ur-ki,Q000001,350,0.0,nim[fly]N_urki[dog]N
634,Q000001.351,351,nim[fly]N urdib[cub]N,nim ur-dib,Q000001,351,0.0,nim[fly]N_urdib[cub]N
635,Q000001.352,352,nim[fly]N mul[star]N,nim mul,Q000001,352,0.0,nim[fly]N_mul[star]N
636,Q000001.353,353,nim[fly]N inun[ghee]N,nim i₃-nun,Q000001,353,0.0,nim[fly]N_inun[ghee]N
637,Q000001.354,354,nim[fly]N bi₂-bi₂-a[NA]NA šagtur[womb]N,nim bi₂-bi₂-a IGI@g-EN-IGI@g-EN,Q000001,354,0.0,nim[fly]N_bi₂-bi₂-a[NA]NA_šagtur[womb]N
638,Q000001.355,355,bir[locust]N,bir₅,Q000001,355,0.0,bir[locust]N
639,Q000001.356,356,bir[locust]N gal[big]V/i,bir₅ gal,Q000001,356,0.0,bir[locust]N_gal[big]V/i
640,Q000001.357,357,bir[locust]N ab[sea]N,bir₅ ab,Q000001,357,0.0,bir[locust]N_ab[sea]N
641,Q000001.358,358,bir[locust]N sahar[dust]N,bir₅ sahar,Q000001,358,0.0,bir[locust]N_sahar[dust]N
642,Q000001.359,359,bir[locust]N tur[small]V/i,bir₅ tur-tur,Q000001,359,0.0,bir[locust]N_tur[small]V/i
643,Q000001.360,360,bir[locust]N ensi[interpreter]N,bir₅ ensi,Q000001,360,0.0,bir[locust]N_ensi[interpreter]N
644,Q000001.361,361,bir[locust]N ŋen[go]V/i tir[forest]N,bir₅ ŋa₂ tir,Q000001,361,0.0,bir[locust]N_ŋen[go]V/i_tir[forest]N
645,Q000001.362,362,bir[locust]N irgilum[locust]N,bir₅ ir-gi-lum,Q000001,362,0.0,bir[locust]N_irgilum[locust]N
646,Q000001.363,363,peš[mouse]N,peš₂,Q000001,363,0.0,peš[mouse]N
647,Q000001.364,364,pešgi[rodent]N,peš₂-{ŋeš}gi,Q000001,364,0.0,pešgi[rodent]N
648,Q000001.365,365,pešgigua[rodent]N,peš₂-{ŋeš}gi-e-gu₇-a,Q000001,365,0.0,pešgigua[rodent]N
649,Q000001.366,366,pešašaga[rodent]N,peš₂-a-šag₄-ga,Q000001,366,0.0,pešašaga[rodent]N
650,Q000001.367,367,pešigigunu[rodent]N,peš₂-igi-gun₃,Q000001,367,0.0,pešigigunu[rodent]N
651,Q000001.368,368,pešniŋgilima[rodent]N,peš₂-niŋ₂-gilim-ma,Q000001,368,0.0,pešniŋgilima[rodent]N
652,Q000001.369,369,pešniŋgilima[rodent]N,peš₂-niŋ₂-gilim-gilim-ma,Q000001,369,0.0,pešniŋgilima[rodent]N
653,Q000001.370,370,pešsilagaz[rodent]N,peš₂-{dug}sila₃-gaz-gaz,Q000001,370,0.0,pešsilagaz[rodent]N
654,Q000001.371,371,ninka[mongoose]N,{d}nin-ka₆,Q000001,371,0.0,ninka[mongoose]N
655,Q000001.372,372,{d}nin-kilim[NA]NA mašmaš[sorcerer]N,{d}nin-kilim maš-maš,Q000001,372,0.0,{d}nin-kilim[NA]NA_mašmaš[sorcerer]N
656,Q000001.373,373,niŋbuna[turtle]N,niŋ₂-bun₂-na,Q000001,373,0.0,niŋbuna[turtle]N
657,Q000001.374,374,eme.ŠID[lizard]N,eme-ŠID,Q000001,374,0.0,eme.ŠID[lizard]N
658,Q000001.375,374a,x-LAGAB[NA]NA,x-LAGAB,Q000001,375,0.0,x-LAGAB[NA]NA
659,Q000001.376,375,uh[turtle]N,uh,Q000001,376,0.0,uh[turtle]N
660,Q000001.377,376,balgi[turtle]N,ba-al-gi₄,Q000001,377,0.0,balgi[turtle]N
661,Q000001.378,377,šah[pig]N,šah₂,Q000001,378,0.0,šah[pig]N
662,Q000001.379,378,šah[pig]N gi[thicket]N,šah₂ {ŋeš}gi,Q000001,379,0.0,šah[pig]N_gi[thicket]N
663,Q000001.380,379,šah[pig]N udšuš[daily]AJ,šah₂ ud-šu₂-uš,Q000001,380,0.0,šah[pig]N_udšuš[daily]AJ
664,Q000001.381,380,šah[pig]N niga[fattened]V/i,šah₂ niga,Q000001,381,0.0,šah[pig]N_niga[fattened]V/i
665,Q000001.382,381,šah[pig]N ma₂-gan[NA]NA,šah₂ ma₂-gan,Q000001,382,0.0,šah[pig]N_ma₂-gan[NA]NA
666,Q000001.383,382,šah[pig]N namerim[oath]N,šah₂ nam-erim₂,Q000001,383,0.0,šah[pig]N_namerim[oath]N
667,Q000001.384,383,šah[pig]N namuruna[~herd]N,šah₂ nam-urunₓ(EN)-ak,Q000001,384,0.0,šah[pig]N_namuruna[~herd]N
668,Q000001.385,384,zahda[piglet]N,ŠAH₂{+ze₂-eh}-TUR,Q000001,385,0.0,zahda[piglet]N
669,Q000001.386,385,megida[sow]N,megidaₓ(KUN),Q000001,386,0.0,megida[sow]N
670,Q000001.387,386,kiši[ant]N,kiši₈,Q000001,387,0.0,kiši[ant]N
671,Q000001.388,387,kiši[ant]N dal[fly]V/t,kiši₈ dal-dal,Q000001,388,0.0,kiši[ant]N_dal[fly]V/t
672,Q000001.389,388,kiši[ant]N su[red]V/i,kiši₈ su₄,Q000001,389,0.0,kiši[ant]N_su[red]V/i
673,Q000001.390,389,kiši[ant]N sissig[green]V/i,kiši₈ sig₇-sig₇,Q000001,390,0.0,kiši[ant]N_sissig[green]V/i
674,Q000001.391,390,muldamul[animal]N,mul-da-mul,Q000001,391,0.0,muldamul[animal]N
675,Q000001.392,391,dadamul[animal]N,da-da-mul,Q000001,392,0.0,dadamul[animal]N
676,Q000001.393,392,ŋirtab[scorpion]N,ŋir₂-tab,Q000001,393,0.0,ŋirtab[scorpion]N
677,Q000001.394,393,ŋirtab[scorpion]N dal[fly]V/t,ŋir₂-tab dal-dal,Q000001,394,0.0,ŋirtab[scorpion]N_dal[fly]V/t
678,Q000001.395,394,ŋirtab[scorpion]N su[red]V/i,ŋir₂-tab su₄,Q000001,395,0.0,ŋirtab[scorpion]N_su[red]V/i
679,Q000001.396,395,ŋirtab[scorpion]N sissig[green]V/i,ŋir₂-tab sig₇-sig₇,Q000001,396,0.0,ŋirtab[scorpion]N_sissig[green]V/i
680,Q000001.397,396,bizaza[frog]N,bil₂-za-za,Q000001,397,0.0,bizaza[frog]N
681,Q000001.398,397,bizaza[frog]N gu[voice]N,bil₂-za-za gu₃,Q000001,398,0.0,bizaza[frog]N_gu[voice]N
682,Q000001.399,398,kisim[insect]N,|DAG.KISIM₅|,Q000001,399,0.0,kisim[insect]N
683,Q000001.400,399,šurun[cricket]N,|DAG.KISIM₅×SI|,Q000001,400,0.0,šurun[cricket]N
684,Q000001.401,400,zibin[caterpillar]N,|DAG.KISIM₅×TAK₄|,Q000001,401,0.0,zibin[caterpillar]N
685,Q000001.402,401,šaran[pestle-bottom]N,|DAG.KISIM₅×SI|,Q000001,402,0.0,šaran[pestle-bottom]N
686,Q000001.403,402,uzu[flesh]N,uzu,Q000001,403,0.0,uzu[flesh]N
687,Q000001.404,403,uzu[flesh]N saŋdu[head]N,uzu saŋ-du,Q000001,404,0.0,uzu[flesh]N_saŋdu[head]N
688,Q000001.405,404,uzu[flesh]N udšuš[daily]AJ,uzu u₄-šu₂-uš,Q000001,405,0.0,uzu[flesh]N_udšuš[daily]AJ
689,Q000001.406,405,uzu[flesh]N meze[jaw]N,uzu me-ze₂,Q000001,406,0.0,uzu[flesh]N_meze[jaw]N
690,Q000001.407,406,uzu[flesh]N |KA×GAR|[NA]NA,uzu |KA×GAR|,Q000001,407,0.0,uzu[flesh]N_|KA×GAR|[NA]NA
691,Q000001.408,407,uzu[flesh]N |KA×GAR|[NA]NA,uzu |KA×GAR|,Q000001,408,0.0,uzu[flesh]N_|KA×GAR|[NA]NA
692,Q000001.409,408,uzu[flesh]N azad[head]N,uzu a-sa,Q000001,409,0.0,uzu[flesh]N_azad[head]N
693,Q000001.410,409,uzu[flesh]N aš₂-du[NA]NA,uzu aš₂-du,Q000001,410,0.0,uzu[flesh]N_aš₂-du[NA]NA
694,Q000001.411,410,uzu[flesh]N |KA×GAR|[NA]NA,uzu |KA×GAR|,Q000001,411,0.0,uzu[flesh]N_|KA×GAR|[NA]NA
695,Q000001.412,411,uzu[flesh]N |KA×GAR|[NA]NA gud[ox]N,uzu |KA×GAR| gud,Q000001,412,0.0,uzu[flesh]N_|KA×GAR|[NA]NA_gud[ox]N
696,Q000001.413,412,uzu[flesh]N gu₂.MUR[throat]N,uzu gu₂-har,Q000001,413,0.0,uzu[flesh]N_gu₂.MUR[throat]N
697,Q000001.414,413,uzu[flesh]N |UD.NE|[NA]NA,uzu |UD.NE|,Q000001,414,0.0,uzu[flesh]N_|UD.NE|[NA]NA
698,Q000001.415,414,uzu[flesh]N ubur[breast]N,uzu ubur,Q000001,415,0.0,uzu[flesh]N_ubur[breast]N
699,Q000001.416,415,uzu[flesh]N akan[nipple]N,uzu akan,Q000001,416,0.0,uzu[flesh]N_akan[nipple]N
700,Q000001.417,416,uzu[flesh]N te[cheek]N,uzu te,Q000001,417,0.0,uzu[flesh]N_te[cheek]N
701,Q000001.418,417,uzu[flesh]N gu[neck]N,uzu gu₂,Q000001,418,0.0,uzu[flesh]N_gu[neck]N
702,Q000001.419,418,uzu[flesh]N gumur[spine]N,uzu gu₂-mur₇,Q000001,419,0.0,uzu[flesh]N_gumur[spine]N
703,Q000001.420,419,uzu[flesh]N zukešed[knot]N gumur[spine]N,uzu zu₂-kešda gu₂-mur₇,Q000001,420,0.0,uzu[flesh]N_zukešed[knot]N_gumur[spine]N
704,Q000001.421,420,uzu[flesh]N gubalŋešdua[hump]N,uzu gu₂-bal-ŋeš-du₃-a,Q000001,421,0.0,uzu[flesh]N_gubalŋešdua[hump]N
705,Q000001.422,421,uzu[flesh]N zag[side]N udu[sheep]N,uzu zag udu,Q000001,422,0.0,uzu[flesh]N_zag[side]N_udu[sheep]N
706,Q000001.423,422,uzu[flesh]N sila[cut]N zag[side]N udu[sheep]N,uzu sila₃ zag udu,Q000001,423,0.0,uzu[flesh]N_sila[cut]N_zag[side]N_udu[sheep]N
707,Q000001.424,423,uzu[flesh]N masila[heel]N,uzu ma-sila₃,Q000001,424,0.0,uzu[flesh]N_masila[heel]N
708,Q000001.425,424,uzu[flesh]N si[horn]N masila[heel]N,uzu si ma-sila₃,Q000001,425,0.0,uzu[flesh]N_si[horn]N_masila[heel]N
709,Q000001.426,425,uzu[flesh]N masila[heel]N TUM[NA]NA,uzu ma-sila₃ TUM,Q000001,426,0.0,uzu[flesh]N_masila[heel]N_TUM[NA]NA
710,Q000001.427,426,uzu[flesh]N ti[rib]N,uzu ti,Q000001,427,0.0,uzu[flesh]N_ti[rib]N
711,Q000001.428,427,uzu[flesh]N ti[rib]N,uzu ti-ti,Q000001,428,0.0,uzu[flesh]N_ti[rib]N
712,Q000001.429,428,uzu[flesh]N gag[nail]N ti[rib]N,uzu gag ti,Q000001,429,0.0,uzu[flesh]N_gag[nail]N_ti[rib]N
713,Q000001.430,429,uzu[flesh]N gag[nail]N zag[side]N,uzu gag zag,Q000001,430,0.0,uzu[flesh]N_gag[nail]N_zag[side]N
714,Q000001.431,430,uzu[flesh]N gag[nail]N sala[bug-ridden]AJ,uzu gag za-la₂,Q000001,431,0.0,uzu[flesh]N_gag[nail]N_sala[bug-ridden]AJ
715,Q000001.432,431,uzu[flesh]N bun[bladder]N,uzu bun₂,Q000001,432,0.0,uzu[flesh]N_bun[bladder]N
716,Q000001.433,432,uzu[flesh]N niŋ₂-PA[NA]NA,uzu niŋ₂-PA,Q000001,433,0.0,uzu[flesh]N_niŋ₂-PA[NA]NA
717,Q000001.434,433,uzu[flesh]N e[house]N ur[roof]N,uzu e₂ ur₃,Q000001,434,0.0,uzu[flesh]N_e[house]N_ur[roof]N
718,Q000001.435,434,uzu[flesh]N e[house]N šag[heart]N,uzu e₂ šag₄,Q000001,435,0.0,uzu[flesh]N_e[house]N_šag[heart]N
719,Q000001.436,435,uzu[flesh]N šag[heart]N,uzu šag₄,Q000001,436,0.0,uzu[flesh]N_šag[heart]N
720,Q000001.437,436,uzu[flesh]N šagmah[intestine]N,uzu šag₄-mah,Q000001,437,0.0,uzu[flesh]N_šagmah[intestine]N
721,Q000001.438,437,uzu[flesh]N šagsig[weft]N,uzu šag₄-sig,Q000001,438,0.0,uzu[flesh]N_šagsig[weft]N
722,Q000001.439,438,uzu[flesh]N šag[heart]N Eninnu[1]TN,uzu šag₄ e₂-ninnu,Q000001,439,0.0,uzu[flesh]N_šag[heart]N_Eninnu[1]TN
723,Q000001.440,439,uzu[flesh]N šaggar[meat]N,uzu šag₄-gar-gar-ra,Q000001,440,0.0,uzu[flesh]N_šaggar[meat]N
724,Q000001.441,440,uzu[flesh]N šag[heart]N lugal[king]N tuku[acquire]V/t,uzu šag₄ lugal tuku,Q000001,441,0.0,uzu[flesh]N_šag[heart]N_lugal[king]N_tuku[acquire]V/t
725,Q000001.442,441,uzu[flesh]N šag[heart]N šu[hand]N niŋin[encircle]V/t,uzu šag₄ šu niŋin₂,Q000001,442,0.0,uzu[flesh]N_šag[heart]N_šu[hand]N_niŋin[encircle]V/t
726,Q000001.443,442,uzu[flesh]N šag[heart]N lub[bag]N,uzu šag₄ lu-ub₂,Q000001,443,0.0,uzu[flesh]N_šag[heart]N_lub[bag]N
727,Q000001.444,443,uzu[flesh]N šag[heart]N dub[heap]V/t,uzu šag₄ dub,Q000001,444,0.0,uzu[flesh]N_šag[heart]N_dub[heap]V/t
728,Q000001.445,444,uzu[flesh]N šag[heart]N us[follow]V/t,uzu šag₄ us₂,Q000001,445,0.0,uzu[flesh]N_šag[heart]N_us[follow]V/t
729,Q000001.446,445,uzu[flesh]N mehi[tissue]N,uzu me-hi,Q000001,446,0.0,uzu[flesh]N_mehi[tissue]N
730,Q000001.447,446,uzu[flesh]N mur[lung]N,uzu mur,Q000001,447,0.0,uzu[flesh]N_mur[lung]N
731,Q000001.448,447,uzu[flesh]N niŋgiggi[black]N,uzu niŋ₂-giggi,Q000001,448,0.0,uzu[flesh]N_niŋgiggi[black]N
732,Q000001.449,448,uzu[flesh]N ur[root]N,uzu ur₂,Q000001,449,0.0,uzu[flesh]N_ur[root]N
733,Q000001.450,449,uzu[flesh]N ur[root]N kun[tail]N,uzu ur₂ kun,Q000001,450,0.0,uzu[flesh]N_ur[root]N_kun[tail]N
734,Q000001.451,450,uzu[flesh]N gaba[chest]N,uzu gaba,Q000001,451,0.0,uzu[flesh]N_gaba[chest]N
735,Q000001.452,451,uzu[flesh]N ŋeš[tree]N gaba[chest]N,uzu ŋeš gaba,Q000001,452,0.0,uzu[flesh]N_ŋeš[tree]N_gaba[chest]N
736,Q000001.453,452,uzu[flesh]N tuhul[hip]N,uzu tugul(|NAGAR.ZA@t|),Q000001,453,0.0,uzu[flesh]N_tuhul[hip]N
737,Q000001.454,453,uzu[flesh]N tuhul[hip]N kud[cut]V/t,uzu tugul(|NAGAR.ZA@t|) kud,Q000001,454,0.0,uzu[flesh]N_tuhul[hip]N_kud[cut]V/t
738,Q000001.455,454,uzu[flesh]N saŋ[head]N tuhul[hip]N,uzu saŋ tugul(|NAGAR.ZA@t|),Q000001,455,0.0,uzu[flesh]N_saŋ[head]N_tuhul[hip]N
739,Q000001.456,455,uzu[flesh]N ŋiripadra[bone]N,uzu ŋiri₃-pad-ra₂,Q000001,456,0.0,uzu[flesh]N_ŋiripadra[bone]N
740,Q000001.457,456,uzu[flesh]N ŋiripadra[bone]N gid[long]V/i,uzu ŋiri₃-pad-ra₂ gid₂,Q000001,457,0.0,uzu[flesh]N_ŋiripadra[bone]N_gid[long]V/i
741,Q000001.458,457,uzu[flesh]N ŋiripadra[bone]N lugud[short]V/i,uzu ŋiri₃-pad-ra₂ lugud₂,Q000001,458,0.0,uzu[flesh]N_ŋiripadra[bone]N_lugud[short]V/i
742,Q000001.459,458,uzu[flesh]N ŋiripadra[bone]N hulu[bad]V/i gig[sick]V/i,uzu ŋiri₃-pad-ra₂ hul gig,Q000001,459,0.0,uzu[flesh]N_ŋiripadra[bone]N_hulu[bad]V/i_gig[sick]V/i
743,Q000001.460,458a,uzu[flesh]N TUN₃[NA]NA gig[sick]V/i,uzu TUN₃ gig,Q000001,460,0.0,uzu[flesh]N_TUN₃[NA]NA_gig[sick]V/i
744,Q000001.461,459,uzu[flesh]N zilkum[~animal]N,uzu zi-il-kum,Q000001,461,0.0,uzu[flesh]N_zilkum[~animal]N
745,Q000001.462,460,uzu[flesh]N terzum[presentation]N,uzu te-er-zum,Q000001,462,0.0,uzu[flesh]N_terzum[presentation]N
746,Q000001.463,461,uzu[flesh]N dimma[~sheep]N,uzu dimₓ(BALAŊ)-ma,Q000001,463,0.0,uzu[flesh]N_dimma[~sheep]N
747,Q000001.464,462,uzu[flesh]N sam[price]N,uzu sam₂,Q000001,464,0.0,uzu[flesh]N_sam[price]N
748,Q000001.465,463,uzu[flesh]N šakanka[market]N,uzu šakanka,Q000001,465,0.0,uzu[flesh]N_šakanka[market]N
749,Q000001.466,464,uzu[flesh]N šeŋ[cook]V/t,uzu šeŋ₆,Q000001,466,0.0,uzu[flesh]N_šeŋ[cook]V/t
750,Q000001.467,464a,uzu[flesh]N al-x-x[NA]NA,uzu al-x-x,Q000001,467,0.0,uzu[flesh]N_al-x-x[NA]NA
751,Q000001.468,465,uzu[flesh]N hab[malodorous]V/i,uzu hab₂,Q000001,468,0.0,uzu[flesh]N_hab[malodorous]V/i
752,Q000001.469,466,uzu[flesh]N KAD₅[NA]NA,uzu KAD₅,Q000001,469,0.0,uzu[flesh]N_KAD₅[NA]NA
753,Q000001.470,467,uzu[flesh]N ma-gi[NA]NA,uzu ma-gi,Q000001,470,0.0,uzu[flesh]N_ma-gi[NA]NA
754,Q000001.471,468,uzu[flesh]N suš[grease]N,uzu sul₂(NI),Q000001,471,0.0,uzu[flesh]N_suš[grease]N
755,Q000001.472,469,uzu[flesh]N i[oil]N tab[double]V/t,uzu i₃ tab,Q000001,472,0.0,uzu[flesh]N_i[oil]N_tab[double]V/t
756,Q000001.473,470,uzu[flesh]N i[oil]N gud[ox]N,uzu i₃ gud,Q000001,473,0.0,uzu[flesh]N_i[oil]N_gud[ox]N
757,Q000001.474,471,uzu[flesh]N i[oil]N udu[sheep]N,uzu i₃ udu,Q000001,474,0.0,uzu[flesh]N_i[oil]N_udu[sheep]N
758,Q000001.475,472,uzu[flesh]N i[oil]N šah[pig]N,uzu i₃ šah,Q000001,475,0.0,uzu[flesh]N_i[oil]N_šah[pig]N
759,Q000001.476,473,uzu[flesh]N nikid[~food]N,uzu ni₂-kid₂,Q000001,476,0.0,uzu[flesh]N_nikid[~food]N
760,Q000001.477,474,uzu[flesh]N nikid[~food]N,uzu ni₂-kid₂,Q000001,477,0.0,uzu[flesh]N_nikid[~food]N
761,Q000001.478,475,uzu[flesh]N birri[kidney]N,uzu bir-ri,Q000001,478,0.0,uzu[flesh]N_birri[kidney]N
762,Q000001.479,476,uzu[flesh]N ellaŋgun[kidney]N,uzu ellaŋ₂-gun₃,Q000001,479,0.0,uzu[flesh]N_ellaŋgun[kidney]N
763,Q000001.480,477,uzu[flesh]N ellaŋgun[kidney]N šag[heart]N,uzu ellaŋ₂-gun₃ šag₄,Q000001,480,0.0,uzu[flesh]N_ellaŋgun[kidney]N_šag[heart]N
764,Q000001.481,478,uzu[flesh]N ellaŋgun[kidney]N bar[outside]V/t,uzu ellaŋ₂-gun₃ bar,Q000001,481,0.0,uzu[flesh]N_ellaŋgun[kidney]N_bar[outside]V/t
765,Q000001.482,479,uzu[flesh]N x[NA]NA,uzu x,Q000001,482,0.0,uzu[flesh]N_x[NA]NA
766,Q000001.483,480,uzu[flesh]N x[NA]NA,uzu x,Q000001,483,0.0,uzu[flesh]N_x[NA]NA
767,Q000001.484,481,uzu[flesh]N niŋ₂-ŋidru[NA]NA,uzu niŋ₂-ŋidru,Q000001,484,0.0,uzu[flesh]N_niŋ₂-ŋidru[NA]NA
768,Q000001.485,482,uzu[flesh]N abtir[gore]N,uzu ab-tir,Q000001,485,0.0,uzu[flesh]N_abtir[gore]N
769,Q000001.486,483,uzu[flesh]N e[house]N MUR-ra[NA]NA,uzu e₂ MUR-ra,Q000001,486,0.0,uzu[flesh]N_e[house]N_MUR-ra[NA]NA
770,Q000001.487,484,uzu[flesh]N sa[sinew]N,uzu sa,Q000001,487,0.0,uzu[flesh]N_sa[sinew]N
771,Q000001.488,485,uzu[flesh]N sa[sinew]N,uzu sa-sa,Q000001,488,0.0,uzu[flesh]N_sa[sinew]N
772,Q000001.489,486,uzu[flesh]N sa[sinew]N gal[big]V/i,uzu sa gal,Q000001,489,0.0,uzu[flesh]N_sa[sinew]N_gal[big]V/i
773,Q000001.490,487,uzu[flesh]N sa[sinew]N sal[thin]V/i,uzu sa sal,Q000001,490,0.0,uzu[flesh]N_sa[sinew]N_sal[thin]V/i
774,Q000001.491,487a,uzu[flesh]N sa[sinew]N hal[thigh]N,uzu sa hal,Q000001,491,0.0,uzu[flesh]N_sa[sinew]N_hal[thigh]N
775,Q000001.492,488,uzu[flesh]N sa[sinew]N tah[add]V/t,uzu sa tah,Q000001,492,0.0,uzu[flesh]N_sa[sinew]N_tah[add]V/t
776,Q000001.493,489,uzu[flesh]N sanimmara[back]N,uzu sa-nim-ma-ra,Q000001,493,0.0,uzu[flesh]N_sanimmara[back]N
777,Q000001.494,490,uzu[flesh]N uš[membrane]N,uzu |E₂×SAL|,Q000001,494,0.0,uzu[flesh]N_uš[membrane]N
778,Q000001.495,491,uzu[flesh]N uš[membrane]N,uzu |E₂×SAL|,Q000001,495,0.0,uzu[flesh]N_uš[membrane]N
779,Q000001.496,492,uzu[flesh]N uš[membrane]N,uzu |E₂×SAL|,Q000001,496,0.0,uzu[flesh]N_uš[membrane]N
780,Q000001.497,493,uzu[flesh]N asilaŋara[afterbirth]N,uzu a-sila₃-ŋar-ra,Q000001,497,0.0,uzu[flesh]N_asilaŋara[afterbirth]N
781,Q000001.498,494,uzu[flesh]N niŋkiŋgia[liver]N,uzu niŋ₂-kiŋ₂-gi₄-a,Q000001,498,0.0,uzu[flesh]N_niŋkiŋgia[liver]N
782,Q000001.499,495,uzu[flesh]N KUD[NA]NA,uzu KUD,Q000001,499,0.0,uzu[flesh]N_KUD[NA]NA
783,Q000001.500,496,uzu[flesh]N zingi[ankle-bone]N,uzu zi-in-gi₄,Q000001,500,0.0,uzu[flesh]N_zingi[ankle-bone]N
784,Q000001.501,497,uzu[flesh]N inun[ghee]N,uzu i₃-nun,Q000001,501,0.0,uzu[flesh]N_inun[ghee]N
785,Q000001.502,498,uzu[flesh]N ŋeš[penis]N,uzu ŋeš₃,Q000001,502,0.0,uzu[flesh]N_ŋeš[penis]N
786,Q000001.503,499,uzu[flesh]N šir[testicle]N,uzu šir,Q000001,503,0.0,uzu[flesh]N_šir[testicle]N
787,Q000001.504,500,uzu[flesh]N umbin[nail]N,uzu umbin,Q000001,504,0.0,uzu[flesh]N_umbin[nail]N
788,Q000001.505,501,uzu[flesh]N umbin[nail]N gud[ox]N,uzu umbin gud,Q000001,505,0.0,uzu[flesh]N_umbin[nail]N_gud[ox]N
789,Q000001.506,502,uzu[flesh]N inŋar[colon]N,uzu in-ŋar,Q000001,506,0.0,uzu[flesh]N_inŋar[colon]N
790,Q000001.507,503,uzu[flesh]N inti[way]N,uzu in-ti,Q000001,507,0.0,uzu[flesh]N_inti[way]N
791,Q000001.508,504,uzu[flesh]N imma[vulva]N,uzu im-ma,Q000001,508,0.0,uzu[flesh]N_imma[vulva]N
792,Q000001.509,505,uzu[flesh]N dah-ma-sa[NA]NA,uzu dah-ma-sa,Q000001,509,0.0,uzu[flesh]N_dah-ma-sa[NA]NA
793,Q000001.510,506,uzu[flesh]N endur[navel?]N,uzu en₃-dur,Q000001,510,0.0,uzu[flesh]N_endur[navel?]N
794,Q000001.511,507,{d}nisaba[NA]NA zamin[lyre]N,{d}nisaba za₃-mi₂,Q000001,511,0.0,{d}nisaba[NA]NA_zamin[lyre]N
