,id_line,label,lemma,base,extent,scope,id_text,line
0,P224988.4,o i 1,gubi[bird]N,gu-bi{mušen},,,P224988,4
1,P224988.5,o i 2,u[bird]N,u₂{mušen},,,P224988,5
2,P224988.6,o i 3,esig[bird]N,u₂-sig{mušen},,,P224988,6
3,P225020.4,o i 1,hiz[vegetable]N,hi-iz{sar},,,P225020,4
4,P225020.5,o i 2,hizurbara[vegetable]N,hi-iz-ur-bar-ra{sar},,,P225020,5
5,P225020.6,o i 3,hiz[vegetable]N dug[good]V/i,hi-iz dug₃,,,P225020,6
6,P225024.3,o 1,dušia[stone]N,{na₄}du₈-ši-a,,,P225024,3
7,P225024.4,o 2,kišib[seal]N dušia[stone]N,{na₄}kišib du₈-ši-a,,,P225024,4
8,P225024.5,o 3,lagab[block]N dušia[stone]N,{na₄}lagab du₈-ši-a,,,P225024,5
9,P225027.4,o i 1,šagida[garment]N,{tug₂}šag₄-gi-dab₅,,,P225027,4
10,P225027.5,o i 2,šagida[garment]N su[red]V/i,{tug₂}šag₄-gi-dab₅ su₃,,,P225027,5
11,P225027.6,o i 3,šagida[garment]N gunu[speckled]V/i,{tug₂}šag₄-gi-dab₅ gun₃,,,P225027,6
12,P225070.3,o 1,kišib[seal]N zagin[lapis]N,{na₄}kišib za-gin₃,,,P225070,3
13,P225070.4,o 2,lagab[block]N zagin[lapis]N,{na₄}lagab za-gin₃,,,P225070,4
14,P225070.5,o 3,ellaŋ[bead]N zagin[lapis]N,{na₄}ellaŋ₂ za-gin₃,,,P225070,5
15,P225075.4,o i 1,šagadu[belt]N,{tug₂}šag₄-ga-du₃,,,P225075,4
16,P225075.5,o i 2,šagadu[belt]N x[NA]NA,{tug₂}šag₄-ga-du₃ x,,,P225075,5
17,P225075.6,o i 3,šagadu[belt]N x[NA]NA,{tug₂}šag₄-ga-du₃ x,,,P225075,6
18,P225111.3,,,,n,line,P225111,3
19,P225111.5,r 1,algameš[stone]N,{na₄}algameš(|SAL.HUB₂|),,,P225111,5
20,P225111.6,r 2,kišib[seal]N algameš[stone]N,{na₄}kišib algameš(|SAL.HUB₂|),,,P225111,6
21,P225111.7,r 3,lagab[block]N algameš[stone]N,{na₄}lagab algameš(|SAL.HUB₂|),,,P225111,7
22,P235724.3,o 1,siki[hair]N peš[comb]V/t,siki i°b₂-š·i,,,P235724,3
23,P235724.4,o 2,siki[hair]N peš[comb]V/t,siki i°b₂-š·i,,,P235724,4
24,P235724.5,o 3,siki[hair]N hi[mix]V/t,siki hi,,,P235724,5
25,P249315.4,,,,7,line,P249315,4
26,P249315.5,o i 8,na[stone]N Dimme[1]DN,na₄ {d}dim₃-me,,,P249315,5
27,P249315.6,o i 9,zibtum[stone?]N,{na₄}zi-ib-tum,,,P249315,6
28,P249315.7,o i 10,ayartum[cowrie?]N,{na₄}a-a-ar-tum,,,P249315,7
29,P249315.8,o i 11,yanipum[stone]N,{na₄}a-a-ni-pu-um,,,P249315,8
30,P249315.9,o i 12,na[stone]N aš[one]NU gun[load]N,na₄ aš gun₂,,,P249315,9
31,P249315.10,o i 13,na[stone]N ninnu[fifty]NU mana[unit]N,na₄ ninnu ma-na,,,P249315,10
32,P249315.11,o i 14,na[stone]N nimin[forty]NU mana[unit]N,na₄ nimin ma-na,,,P249315,11
33,P249315.12,o i 15,{na₄}x[NA]NA x[NA]NA,{na₄}x x,,,P249315,12
34,P249315.14,o ii 1,igi[eye]N x[NA]NA,{na₄}igi x,,,P249315,14
35,P249315.15,o ii 2,{na₄}x[NA]NA,{na₄}x,,,P249315,15
36,P249315.16,o ii 3,kišib[seal]N x[NA]NA,{na₄}kišib x,,,P249315,16
37,P249315.17,o ii 4,lagab[block]N x[NA]NA,{na₄}lagab x,,,P249315,17
38,P249315.18,o ii 5,ellaŋ[bead]N x[NA]NA,{na₄}ellaŋ₂ x,,,P249315,18
39,P249315.19,o ii 6,hašbar[stone]N,{na₄}haš₂-bar,,,P249315,19
40,P249315.20,o ii 7,bur[bowl]N zag[side]N,{na₄}bur zag,,,P249315,20
41,P249315.21,o ii 8,bur[bowl]N x-x[NA]NA,{na₄}bur x-x,,,P249315,21
42,P249315.22,o ii 9,bur[bowl]N marhali[stone]N,{na₄}bur mar-ha-lum,,,P249315,22
43,P249315.23,o ii 10,marhali[stone]N,{na₄}mar-ha-lum,,,P249315,23
44,P249315.24,o ii 11,kagina[stone]N,{na₄}ka-gi-na,,,P249315,24
45,P249315.25,o ii 12,kišib[seal]N kagina[stone]N,{na₄}kišib ka-gi-na,,,P249315,25
46,P249315.26,o ii 13,niŋ[thing]N kagina[stone]N,{na₄}niŋ₂ ka-gi-na,,,P249315,26
47,P249315.27,o ii 14,ellaŋ[bead]N kagina[stone]N,{na₄}ellaŋ₂ ka-gi-na,,,P249315,27
48,P249315.28,o ii 15,anzugulme[stone]N,{na₄}an-za-gul-me,,,P249315,28
49,P249315.29,o ii 16,kišib[seal]N anzugulme[stone]N,{na₄}kišib an-za-gul-me,,,P249315,29
50,P250103.2,o 1,na[stone]N IL₂[NA]NA,na₄ IL₂,,,P250103,2
51,P250103.3,o 2,zibtum[stone?]N,{na₄}zi-ib-tum,,,P250103,3
52,P250103.4,o 3,na[stone]N Dimme[1]DN,na₄ {d}dim₃-me,,,P250103,4
53,P250103.5,o 4,gasura[stone]N,{na₄}ga-sur,,,P250103,5
54,P251429.1,1,narua[stele]N,{na₄}na-ru₂-a,,,P251429,1
55,P251429.2,2,{na₄}na-me-a[NA]NA,{na₄}na-me-a,,,P251429,2
56,P251429.3,3,na[pestle]N zagin[lapis]N,{na₄}na za-gin₃,,,P251429,3
57,P253065.4,o 1,x{ku₆}[NA]NA,x{ku₆},,,P253065,4
58,P253065.5,o 2,x{ku₆}[NA]NA,x{ku₆},,,P253065,5
59,P253065.6,o 3,uga[fish]N,uga{ku₆},,,P253065,6
60,P253065.7,o 4,gir[fish]N,gir{+gi-rum}{ku₆},,,P253065,7
61,P253065.8,o 5,x{ku₆}[NA]NA,x{ku₆},,,P253065,8
62,P253065.9,o 6,x{ku₆}[NA]NA,x{ku₆},,,P253065,9
63,P253065.10,o 7,x[NA]NA {+x-ku-rum}x{ku₆}[NA]NA,x {+x-ku-rum}x{ku₆},,,P253065,10
64,P253065.11,o 8,nigugu[fish]N,ni₂-gu₇-gu₇{+ni₂-ga-ku}{ku₆},,,P253065,11
65,P253065.12,o 9,balgi[turtle]N,ba-al-gi{ku₆},,,P253065,12
66,P253065.13,o 10,balgi[turtle]N tur[small]V/i,ba-al-gi tur{ku₆},,,P253065,13
67,P253065.14,o 11,niŋbuna[turtle]N,niŋ₂-bun₂-na{+ni-ib₂-na}{ku₆},,,P253065,14
68,P253065.15,o 12,x-x{+AŠ-al}{ku₆}[NA]NA,x-x{+AŠ-al}{ku₆},,,P253065,15
69,P253065.16,o 13,x{ku₆}[NA]NA,x{ku₆},,,P253065,16
70,P253065.17,o 14,x{ku₆}[NA]NA,x{ku₆},,,P253065,17
71,P253065.18,o 15,x{ku₆}[NA]NA,x{ku₆},,,P253065,18
72,P253236.4,,,,13,line,P253236,4
73,P253236.5,a i 14,dušia[stone]N,{na₄}du₈-ši-a,,,P253236,5
74,P253236.6,a i 15,kišib[seal]N dušia[stone]N,{na₄}kišib du₈-ši-a,,,P253236,6
75,P253236.7,a i 16,lagab[block]N dušia[stone]N,{na₄}lagab du₈-ši-a,,,P253236,7
76,P253236.8,a i 17,ellaŋ[bead]N dušia[stone]N,{na₄}ellaŋ₂ du₈-ši-a,,,P253236,8
77,P253236.9,a i 18,{na₄}x-x[NA]NA dušia[stone]N,{na₄}x-x du₈-ši-a,,,P253236,9
78,P253236.10,a i 19,daggaz[block]N dušia[stone]N,{na₄}da-gaz du₈-ši-a,,,P253236,10
79,P253236.11,a i 20,{na₄}x[NA]NA dušia[stone]N,{na₄}x du₈-ši-a,,,P253236,11
80,P253236.12,a i 21,dušia[stone]N Marhaši[1]GN,{na₄}du₈-ši-a mar-ha-ši,,,P253236,12
81,P253236.13,a i 22,zagin[lapis]N,{na₄}za-gin₃,,,P253236,13
82,P253236.14,a i 23,zagin[lapis]N duru[wet]V/i,{na₄}za-gin₃ duru₅,,,P253236,14
83,P253236.15,a i 24,zagin[lapis]N duru[wet]V/i,{na₄}za-gin₃ duru₅,,,P253236,15
84,P253236.16,a i 25,zagin[lapis]N zala[smashed]N,{na₄}za-gin₃ za₃-la₂-la₂,,,P253236,16
85,P253236.17,a i 26,zagin[lapis]N gu[neck]N tum[dove]N,{na₄}za-gin₃ gu₂ tum₁₂{mušen},,,P253236,17
86,P253236.18,a i 27,zagin[lapis]N lub[turnip]N,{na₄}za-gin₃ lu-ub₂{sar},,,P253236,18
87,P253236.19,a i 28,ad[bead]N zagin[lapis]N,{na₄}ad za-gin₃,,,P253236,19
88,P253236.20,a i 29,adtab[~harness]N zagin[lapis]N,{na₄}ad-tab za-gin₃,,,P253236,20
89,P253236.21,a i 30,ad[bead]N gu[neck]N zagin[lapis]N,{na₄}ad gu₂ za-gin₃,,,P253236,21
90,P253236.22,a i 31,ŋešdili[string-of-beads]N zagin[lapis]N,{na₄}ŋeš-dili za-gin₃,,,P253236,22
91,P253236.23,a i 32,bulug[needle]N zagin[lapis]N,mu-lu-ug za-gin₃,,,P253236,23
92,P253236.24,a i 33,niŋtag[cut]N zagin[lapis]N,{na₄}niŋ₂-tag-ga za-gin₃,,,P253236,24
93,P253236.25,a i 34,lammar[deity]N zagin[lapis]N,{na₄}{d}lamma za-gin₃,,,P253236,25
94,P253236.26,a i 35,alan[statue]N zagin[lapis]N,{na₄}alan za-gin₃,,,P253236,26
95,P253236.27,a i 36,sum[beard]N zagin[lapis]N,{na₄}sum₄ za-gin₃,,,P253236,27
96,P253236.28,a i 37,igi[eye]N zagin[lapis]N,{na₄}igi za-gin₃,,,P253236,28
97,P253236.29,a i 38,sigigi[eyebrow]N zagin[lapis]N,{na₄}sig₇-igi za-gin₃,,,P253236,29
98,P253236.30,a i 39,huwawa[monster]N zagin[lapis]N,{na₄}hu-wa-wa za-gin₃,,,P253236,30
99,P253236.31,a i 40,bizaza[frog]N zagin[lapis]N,{na₄}bi₂-za-za za-gin₃,,,P253236,31
100,P253236.32,,,,rest,column,P253236,32
101,P253236.34,,,,1,line,P253236,34
102,P253236.35,a ii 2,kišib[seal]N gug[carnelian]N,{na₄}kišib gug,,,P253236,35
103,P253236.36,a ii 3,lagab[block]N gug[carnelian]N,{na₄}lagab gug,,,P253236,36
104,P253236.37,a ii 4,ellaŋ[bead]N gug[carnelian]N,{na₄}ellaŋ₂ gug,,,P253236,37
105,P253236.38,a ii 5,nir[stone]N,{na₄}nir₂,,,P253236,38
106,P253236.39,a ii 6,nir[stone]N x[NA]NA,{na₄}nir₂ x,,,P253236,39
107,P253236.40,a ii 7,nir[stone]N x[NA]NA,{na₄}nir₂ x,,,P253236,40
108,P253236.41,a ii 8,nir[stone]N x[NA]NA,{na₄}nir₂ x,,,P253236,41
109,P253236.42,a ii 9,nir[stone]N x[NA]NA,{na₄}nir₂ x,,,P253236,42
110,P253236.43,a ii 10,nir[stone]N x[NA]NA,{na₄}nir₂ x,,,P253236,43
111,P253236.44,a ii 11,nir[stone]N x[NA]NA,{na₄}nir₂ x,,,P253236,44
112,P253236.45,a ii 12,nir[stone]N x[NA]NA,{na₄}nir₂ x,,,P253236,45
113,P253236.46,a ii 13,nir[stone]N x[NA]NA,{na₄}nir₂ x,,,P253236,46
114,P253236.47,a ii 14,kišib[seal]N nir[stone]N,{na₄}kišib nir₂,,,P253236,47
115,P253236.48,a ii 15,lagab[block]N nir[stone]N,{na₄}lagab nir₂,,,P253236,48
116,P253236.49,a ii 16,ellaŋ[bead]N nir[stone]N,{na₄}ellaŋ₂ nir₂,,,P253236,49
117,P253236.50,a ii 17,šuba[stone]N,{na₄}šuba,,,P253236,50
118,P253236.51,a ii 18,šuba[stone]N x[NA]NA,{na₄}šuba x,,,P253236,51
119,P253236.52,a ii 19,šuba[stone]N x[NA]NA,{na₄}šuba x,,,P253236,52
120,P253236.53,,,,rest,column,P253236,53
121,P253236.55,,,,beginning,column,P253236,55
122,P253236.56,,,,5,line,P253236,56
123,P253236.57,a iii 6',marhali[stone]N,{na₄}mar-ha-lum,,,P253236,57
124,P253236.58,a iii 7',marhuša[stone]N,{na₄}mar-hu-ša,,,P253236,58
125,P253236.59,a iii 8',bur[bowl]N,{na₄}bur,,,P253236,59
126,P253236.60,a iii 9',bur[bowl]N izaga[oil]N,{na₄}bur i₃-zag-ga,,,P253236,60
127,P253236.61,a iii 10',bur[bowl]N šu[hand]N,{na₄}bur šu,,,P253236,61
128,P253236.62,a iii 11',bur[bowl]N marhali[stone]N,{na₄}bur mar-ha-lum,,,P253236,62
129,P253236.63,a iii 12',bur[bowl]N marhuša[stone]N,{na₄}bur mar-hu-ša,,,P253236,63
130,P253236.64,a iii 13',imbabbar[gypsum]N,{na₄}im-babbar₂,,,P253236,64
131,P253236.65,a iii 14',kišib[seal]N imbabbar[gypsum]N,{na₄}kišib im-babbar₂,,,P253236,65
132,P253236.66,a iii 15',lagab[block]N imbabbar[gypsum]N,{na₄}lagab im-babbar₂,,,P253236,66
133,P253236.67,a iii 16',haštum[stone]N,{na₄}haš₂-tum,,,P253236,67
134,P253236.68,a iii 17',kišib[seal]N haštum[stone]N,{na₄}kišib haš₂-tum,,,P253236,68
135,P253236.69,a iii 18',lagab[block]N haštum[stone]N,{na₄}lagab haš₂-tum,,,P253236,69
136,P253236.70,a iii 19',anzugulme[stone]N,{na₄}an-za-gul-me,,,P253236,70
137,P253236.71,a iii 20',kišib[seal]N anzugulme[stone]N,{na₄}kišib an-za-gul-me,,,P253236,71
138,P253236.72,a iii 21',lagab[block]N anzugulme[stone]N,{na₄}lagab an-za-gul-me,,,P253236,72
139,P253236.73,a iii 22',imanak[stone]N,{na₄}im-an-na,,,P253236,73
140,P253236.74,a iii 23',alliga[stone]N,{na₄}al-li₂-ga,,,P253236,74
141,P253236.75,a iii 24',saŋ[head]N sikil[pure]V/i,{na₄}saŋ sikil,,,P253236,75
142,P253236.76,a iii 25',na[stone]N mupada[gift]N,na₄ mu-pad₃-da,,,P253236,76
143,P253236.77,,,,1,line,P253236,77
144,P253236.78,a iii 27',nunuz[egg]N,{na₄}nunuz,,,P253236,78
145,P253236.79,a iii 28',nunuztaba[necklace?]N,{na₄}nunuz-tab-ba,,,P253236,79
146,P253236.80,a iii 29',nunuz[egg]N babbar[white]V/i,{na₄}nunuz babbar,,,P253236,80
147,P253236.81,a iii 30',nunuz[egg]N giggi[black]V/i,{na₄}nunuz giggi,,,P253236,81
148,P253236.82,,,,rest,column,P253236,82
149,P253236.85,,,,beginning,column,P253236,85
150,P253236.86,,,,4,line,P253236,86
151,P253236.87,b i 5',gasura[stone]N,{na₄}ka-sur-ra,,,P253236,87
152,P253236.88,b i 6',{na₄}x-x-zum[NA]NA,{na₄}x-x-zum,,,P253236,88
153,P253236.89,b i 7',kurgaranum[stone]N,{na₄}kur-ga-ra-nu-um,,,P253236,89
154,P253236.90,b i 8',abalaʾe[stone]N,{na₄}a-bala,,,P253236,90
155,P253236.91,b i 9',na[stone]N aš[one]NU gun[load]N,na₄ aš gun₂,,,P253236,91
156,P253236.92,b i 10',na[stone]N ninnu[fifty]NU mana[unit]N,na₄ ninnu ma-na,,,P253236,92
157,P253236.93,b i 11',na[stone]N nimin[forty]NU mana[unit]N,na₄ nimin ma-na,,,P253236,93
158,P253236.94,b i 12',na[stone]N ušu[thirty]NU mana[unit]N,na₄ ušu₃ ma-na,,,P253236,94
159,P253236.95,b i 13',na[stone]N niš[twenty]NU mana[unit]N,na₄ niš ma-na,,,P253236,95
160,P253236.96,b i 14',na[stone]N u[ten]NU mana[unit]N,na₄ u ma-na,,,P253236,96
161,P253236.97,b i 15',na[stone]N ya[five]NU mana[unit]N,na₄ ia₂ ma-na,,,P253236,97
162,P253236.98,b i 16',na[stone]N diš[one]NU mana[unit]N,na₄ diš ma-na,,,P253236,98
163,P253236.99,b i 17',na[stone]N sa[half]N mana[unit]N,na₄ sa₉ ma-na,,,P253236,99
164,P253236.100,b i 18',na[stone]N šušana[fraction]N mana[unit]N,na₄ šušana ma-na,,,P253236,100
165,P253236.101,b i 19',na[stone]N u[ten]NU giŋ[unit]N,na₄ u giŋ₄,,,P253236,101
166,P253236.102,b i 20',na[stone]N ya[five]NU giŋ[unit]N,na₄ ia₂ giŋ₄,,,P253236,102
167,P253236.103,b i 21',na[stone]N diš[one]NU giŋ[unit]N,na₄ diš giŋ₄,,,P253236,103
168,P253236.104,b i 22',na[stone]N sa[half]N giŋ[unit]N,na₄ sa₉ giŋ₄,,,P253236,104
169,P253236.105,b i 23',na[stone]N šušana[fraction]N giŋ[unit]N,na₄ šušana giŋ₄,,,P253236,105
170,P253236.106,b i 24',na[stone]N igi[eye]N limmu[four]NU ŋal[be]V/i,na₄ igi limmu₅ ŋal₂,,,P253236,106
171,P253236.107,b i 25',na[stone]N igi[eye]N aš[six]NU ŋal[be]V/i,na₄ igi aš₃ ŋal₂,,,P253236,107
172,P253236.108,b i 26',na[stone]N 22.1/2[NA]NA še[barley]N,na₄ 22.1/2 še,,,P253236,108
173,P253236.109,b i 27',na[stone]N niš[twenty]NU še[barley]N,na₄ niš še,,,P253236,109
174,P253236.110,b i 28',na[stone]N 15[NA]NA še[barley]N,na₄ 15 še,,,P253236,110
175,P253236.111,b i 29',na[stone]N u[ten]NU še[barley]N,na₄ u še,,,P253236,111
176,P253236.112,b i 30',na[stone]N ya[five]NU še[barley]N,na₄ ia₂ še,,,P253236,112
177,P253236.113,b i 31',u[grass]N,u₂,,,P253236,113
178,P253236.114,b i 32',ligi[plant]N,{u₂}li-gi₄,,,P253236,114
179,P253236.115,b i 33',liligi[plant]N,{u₂}li-li-gi₄,,,P253236,115
180,P253236.116,b i 34',{u₂}bur-bur₂[NA]NA,{u₂}bur-bur₂,,,P253236,116
181,P253236.117,b i 35',bur[grass]N,{u₂}bur₂,,,P253236,117
182,P253236.118,b i 36',{u₂}NUMUN₂[NA]NA,{u₂}NUMUN₂,,,P253236,118
183,P253236.119,b i 37',{u₂}NUMUN₂[NA]NA,{u₂}NUMUN₂,,,P253236,119
184,P253236.120,b i 38',{u₂}NUMUN₂-x[NA]NA,{u₂}NUMUN₂-x,,,P253236,120
185,P253236.121,b i 39',kul[plant]N,{u₂}kul-la,,,P253236,121
186,P253236.122,b i 40',KI.KAL[grasses]N,{u₂}|KI.KAL|,,,P253236,122
187,P253236.123,b i 41',ribba[plant]N,{u₂}rib-ba,,,P253236,123
188,P253236.124,,,,1,line,P253236,124
189,P253236.125,b i 43',amharu[plant]N,{u₂}am-ha-ra,,,P253236,125
190,P253236.126,b i 44',amharu[plant]N,{u₂}am-ha-ra,,,P253236,126
191,P253236.127,b i 45',kazal[plant]N,ka-zal-zal,,,P253236,127
192,P253236.129,,,,8,line,P253236,129
193,P253236.130,b ii 9,amani[plant]N,{u₂}ama-ni,,,P253236,130
194,P253236.131,b ii 10,dumuni[plant]N,{u₂}dumu-ni,,,P253236,131
195,P253236.132,b ii 11,niŋamani[plant]N,{u₂}niŋ₂-ama-ni,,,P253236,132
196,P253236.133,b ii 12,niŋurum[plant]N,{u₂}niŋ₂-u₂-rum,,,P253236,133
197,P253236.134,b ii 13,kasala[plant]N,{u₂}ku-sal-la,,,P253236,134
198,P253236.135,b ii 14,iškur[plant]N,{u₂}{d}iškur,,,P253236,135
199,P253236.136,b ii 15,šakira[plant]N,{u₂}šakira₃,,,P253236,136
200,P253236.137,b ii 16,munzer[licorice]N,{u₂}munzer-ra,,,P253236,137
201,P253236.138,b ii 17,{u₂}x[NA]NA,{u₂}x,,,P253236,138
202,P253236.139,b ii 18,u[grass]N Dimme[1]DN,u₂ {d}dim₃-me,,,P253236,139
203,P253236.140,b ii 19,kamušeguʾe[plant]N,{u₂}ka-muš-e-gu₇-a,,,P253236,140
204,P253236.141,b ii 20,u[grass]N utud[bear]V/t,u₂ u₃-tud,,,P253236,141
205,P253236.142,b ii 21,u[grass]N utud[bear]V/t,u₂ tud,,,P253236,142
206,P253236.143,b ii 22,mug[aromatic]N,{u₂}nu-ug,,,P253236,143
207,P253236.144,b ii 23,lub[turnip]N hab[malodorous]V/i,{u₂}lu-ub₂{sar} hab₂-hab₂,,,P253236,144
208,P253236.145,b ii 24,nugig[plant]N,{u₂}nu-gig,,,P253236,145
209,P253236.146,b ii 25,sudin[plant]N,{u₂}su-din,,,P253236,146
210,P253236.147,b ii 26,penzer[cobweb]N,{u₂}pe-ze₂-er,,,P253236,147
211,P253236.148,b ii 27,{u₂}KU-saŋ[NA]NA,{u₂}KU-saŋ,,,P253236,148
212,P253236.149,,,,2,line,P253236,149
213,P253236.150,b ii 30,sikil[plant]N,{u₂}sikil,,,P253236,150
214,P253236.151,b ii 31,kubullum[foodstuff]N,{u₂}ku-bu-ul,,,P253236,151
215,P253236.152,b ii 32,{u₂}AB-x[NA]NA,{u₂}AB-x,,,P253236,152
216,P253236.153,b ii 33,ŋiriʾuga[plant]N,{u₂}ŋiri₃-uga{mušen},,,P253236,153
217,P253236.154,b ii 34,ŋirimua[plant]N,{u₂}ŋiri₃-mu₂-a,,,P253236,154
218,P253236.155,b ii 35,{u₂}x[NA]NA,{u₂}x,,,P253236,155
219,P253236.156,b ii 36,{u₂}x[NA]NA,{u₂}x,,,P253236,156
220,P253236.157,b ii 37,{u₂}x[NA]NA,{u₂}x,,,P253236,157
221,P253236.158,b ii 38,{u₂}x[NA]NA,{u₂}x,,,P253236,158
222,P253236.159,b ii 39,{u₂}x[NA]NA,{u₂}x,,,P253236,159
223,P253236.160,b ii 40,{u₂}x[NA]NA,{u₂}x,,,P253236,160
224,P253236.161,b ii 41,sar[garden]N,sar,,,P253236,161
225,P253236.162,,,,2,line,P253236,162
226,P253236.163,b ii 44,šumsikil[vegetable]N tutuba[~vegetable]N,šum₂-sikil tu-tu-ba{sar},,,P253236,163
227,P253236.165,,,,1,line,P253236,165
228,P253236.166,b iii 2,zahadin[vegetable]N,za-ha-din{sar},,,P253236,166
229,P253236.167,,,,2,line,P253236,167
230,P253236.168,b iii 5,gamun[cumin]N x{sar}[NA]NA,{u₂}gamun x{sar},,,P253236,168
231,P253236.169,b iii 6,sullim[spice]N x{sar}[NA]NA,sullim x{sar},,,P253236,169
232,P253236.170,b iii 7,sullimšuguba[spice]N,sullim-šu-gub-ba{sar},,,P253236,170
233,P253236.171,b iii 8,šelu[coriander]N,še-lu₂{sar},,,P253236,171
234,P253236.172,b iii 9,šelu[coriander]N ŋissu[shade]N,še-lu₂ ŋissu{sar},,,P253236,172
235,P253236.173,b iii 10,šimbirida[plant]N,šimbirida(|U₂.KUR|){sar},,,P253236,173
236,P253236.174,b iii 11,šimbirida[plant]N saŋ{sar}[NA]NA,šimbirida(|U₂.KUR|) saŋ{sar},,,P253236,174
237,P253236.175,b iii 12,kurgirina[plant]N,kur-gi-rin-na{sar},,,P253236,175
238,P253236.176,b iii 13,nisig[greenery]N HI.a[vegetable]N,nisig hi-a{sar},,,P253236,176
239,P253236.177,b iii 14,nisig[greenery]N tabba[vegetable?]N,nisig tab-ba{sar},,,P253236,177
240,P253236.178,b iii 15,nisig[greenery]N barbar[plant]N,nisig bar-bar{sar},,,P253236,178
241,P253236.179,b iii 16,niŋnagar[plant]N,niŋ₂-nagar{sar},,,P253236,179
242,P253236.180,b iii 17,šagki[vegetable]N,šag₄-ki{sar},,,P253236,180
243,P253236.181,b iii 18,hiz[vegetable]N,hi-iz{sar},,,P253236,181
244,P253236.182,b iii 19,hizurbara[vegetable]N,hi-iz-ur-bar-ra{sar},,,P253236,182
245,P253236.183,b iii 20,hiz[vegetable]N bar-bar-ra{sar}[NA]NA,hi-iz bar-bar-ra{sar},,,P253236,183
246,P253236.184,b iii 21,babbarhi[plant]N,babbar-hi{sar},,,P253236,184
247,P253236.185,b iii 22,lub[turnip]N,lu-ub₂{sar},,,P253236,185
248,P253236.186,b iii 23,dula[depth]N,dub-la₂{sar},,,P253236,186
249,P253236.187,b iii 24,ganše[plant]N,gan₂-še{sar},,,P253236,187
250,P253236.188,b iii 25,lub[turnip]N x-nu{sar}[NA]NA,lu-ub₂ x-nu{sar},,,P253236,188
251,P253236.189,,,,1,line,P253236,189
252,P253236.190,b iii 27,maš[plant]N,{ŋeš}maš{sar},,,P253236,190
253,P253236.191,b iii 28,mašgurum[plant]N,{ŋeš}maš-gurum{sar},,,P253236,191
254,P253236.192,,,,rest,column,P253236,192
255,P253236.195,c i 1,x{ku₆}[NA]NA,x{ku₆},,,P253236,195
256,P253236.196,c i 2,x{ku₆}[NA]NA,x{ku₆},,,P253236,196
257,P253236.197,c i 3,x{ku₆}[NA]NA,x{ku₆},,,P253236,197
258,P253236.198,c i 4,x{ku₆}[NA]NA,x{ku₆},,,P253236,198
259,P253236.199,c i 5,x{ku₆}[NA]NA,x{ku₆},,,P253236,199
260,P253236.200,c i 6,adarhub[fish]N,a-dar-hab₂{ku₆},,,P253236,200
261,P253236.201,c i 7,agargara[fish]N,agargara{ku₆},,,P253236,201
262,P253236.202,c i 8,agargarasila[fish]N,agargara-sila₃{ku₆},,,P253236,202
263,P253236.203,c i 9,agargara[fish]N ab[sea]N,agargara ab,,,P253236,203
264,P253236.204,c i 10,agargara[fish]N barhuš[fish]N,agargara bar-huš{ku₆},,,P253236,204
265,P253236.205,c i 11,agargara[fish]N tur[small]V/i,agargara tur-tur{ku₆},,,P253236,205
266,P253236.206,c i 12,gir[fish]N,gir{ku₆},,,P253236,206
267,P253236.207,c i 13,giršu[fish]N,gir-šu{ku₆},,,P253236,207
268,P253236.208,c i 14,girgid[fish]N,gir-gid₂{ku₆},,,P253236,208
269,P253236.209,c i 15,gir[fish]N ab[sea]N,gir ab,,,P253236,209
270,P253236.210,c i 16,absuhur[carp]N,ab-suhur{ku₆},,,P253236,210
271,P253236.211,c i 17,nindaʾabsuhur[fish]N,ninda₂-ab-suhur{ku₆},,,P253236,211
272,P253236.212,,,,9,line,P253236,212
273,P253236.213,c i 27,ugudil[fish]N,ugudil{ku₆},,,P253236,213
274,P253236.214,c i 28,ugudil[fish]N,ugudil{ku₆},,,P253236,214
275,P253236.215,,,,3,line,P253236,215
276,P253236.216,c i 32,esir[fish]N,e-sir₂{ku₆},,,P253236,216
277,P253236.217,,,,1,line,P253236,217
278,P253236.218,c i 34,nunuz[egg]N kud[fish]N,nunuz ku₆,,,P253236,218
279,P253236.219,c i 35,udtab[fish]N,ud-da-ba{ku₆},,,P253236,219
280,P253236.220,,,,4,line,P253236,220
281,P253236.221,c i 40,ubi[fish]N,ubi{ku₆},,,P253236,221
282,P253236.222,c i 41,ubi[fish]N ab[sea]N,ubi ab,,,P253236,222
283,P253236.223,c i 42,ubi[fish]N x{ku₆}[NA]NA,ubi x{ku₆},,,P253236,223
284,P253236.224,,,,1,line,P253236,224
285,P253236.225,c i 44,x-zi{ku₆}[NA]NA,x-zi{ku₆},,,P253236,225
286,P253236.226,,,,6,line,P253236,226
287,P253236.228,,,,10,line,P253236,228
288,P253236.229,c ii 11,u[goose]N,u₅{mušen},,,P253236,229
289,P253236.230,c ii 12,u₅-x{mušen}[NA]NA,u₅-x{mušen},,,P253236,230
290,P253236.231,c ii 13,ezi[bird]N,i-zi{mušen},,,P253236,231
291,P253236.232,c ii 14,azagun[bird]N,a-zag-gun₃{mušen},,,P253236,232
292,P253236.233,c ii 15,misaz[bird]N,mi-sa-az{mušen},,,P253236,233
293,P253236.234,c ii 16,dar[bird]N,dar{mušen},,,P253236,234
294,P253236.235,c ii 17,darlugal[rooster]N,dar-lugal{mušen},,,P253236,235
295,P253236.236,c ii 18,dar-x-x{mušen}[NA]NA,dar-x-x{mušen},,,P253236,236
296,P253236.237,c ii 19,darzizi[bird]N,dar-zi-zi{mušen},,,P253236,237
297,P253236.238,c ii 20,dar[bird]N Meluhha[1]GN,dar me-luh-ha{mušen},,,P253236,238
298,P253236.239,c ii 21,gamgam[bird]N,gam₄-gam{mušen},,,P253236,239
299,P253236.240,,,,4,line,P253236,240
300,P253236.241,c ii 26,buru[bird]N,buru₄{mušen},,,P253236,241
301,P253236.242,c ii 27,buruhur[bird]N,buru₄-hur{mušen},,,P253236,242
302,P253236.243,c ii 28,buru[bird]N nita[male]N,buru₄ nita{mušen},,,P253236,243
303,P253236.244,c ii 29,buru[bird]N x{mušen}[NA]NA,buru₄ x{mušen},,,P253236,244
304,P253236.245,c ii 30,uga[raven]N,uga{mušen},,,P253236,245
305,P253236.246,c ii 31,zupiš[bird]N,zu₂-peš₂{mušen},,,P253236,246
306,P253236.247,c ii 32,ka-x{mušen}[NA]NA,ka-x{mušen},,,P253236,247
307,P253236.248,,,,rest,column,P253236,248
308,P253248.4,o 1,urnikum[stone]N,{na₄}ur-ni-kum,,,P253248,4
309,P253248.5,o 2,zu[stone]N,{na₄}zu₂,,,P253248,5
310,P253248.6,o 3,zu[stone]N babbar[white]V/i,{na₄}zu₂ babbar,,,P253248,6
311,P253248.7,o 4,zu[stone]N giggi[black]V/i,{na₄}zu₂ giggi,,,P253248,7
312,P253248.8,o 5,zu[stone]N huš[reddish]V/i,{na₄}zu₂ huš,,,P253248,8
313,P253248.9,o 6,zu[stone]N saŋ[head]N,{na₄}zu₂ saŋ,,,P253248,9
314,P253248.10,o 7,zu[stone]N gunu[speckled]V/i,{na₄}zu₂ gun₃,,,P253248,10
315,P253248.11,o 8,durmina[breccia]N,{na₄}dur₂-mi-a,,,P253248,11
316,P253248.12,o 9,durminabanda[stone]N,{na₄}dur₂-mi-banda₃,,,P253248,12
317,P253248.13,o 10,kug[metal-silver]N pad[break]V/t,{na₄}kug pad,,,P253248,13
318,P253248.14,,,,2,line,P253248,14
319,P253251.4,o 1,zagin[lapis]N zala[smashed]N,{na₄}za-gin₃ za-la₂-la₂,,,P253251,4
320,P253251.5,o 2,ad[bead]N zagin[lapis]N,{na₄}ad za-gin₃,,,P253251,5
321,P253251.6,o 3,ad[bead]N x[NA]NA zagin[lapis]N,{na₄}ad x za-gin₃,,,P253251,6
322,P253251.7,o 4,gubar[nape]N zagin[lapis]N,{na₄}gu₂-bar za-gin₃,,,P253251,7
323,P253251.8,o 5,zag[side]N gubar[nape]N zagin[lapis]N,{na₄}zag gu₂-bar za-gin₃,,,P253251,8
324,P253251.9,o 6,{na₄}x[NA]NA zagin[lapis]N,{na₄}x za-gin₃,,,P253251,9
325,P253251.10,o 7,bibra[vessel]N zagin[lapis]N,{na₄}bibra za-gin₃,,,P253251,10
326,P253251.11,o 8,bulug[needle]N zagin[lapis]N,{na₄}bulug za-gin₃,,,P253251,11
327,P253251.12,o 9,lammar[deity]N zagin[lapis]N,{na₄}{d}lamma za-gin₃,,,P253251,12
328,P253251.13,o 10,{na₄}x-x-x[NA]NA zagin[lapis]N,{na₄}x-x-x za-gin₃,,,P253251,13
329,P253251.14,o 11,gug[carnelian]N,{na₄}gug,,,P253251,14
330,P253251.15,o 12,gug[carnelian]N gazi[condiment]N,{na₄}gug gazi,,,P253251,15
331,P253251.16,o 13,gug[carnelian]N Meluhha[1]GN,{na₄}gug me-luh-ha,,,P253251,16
332,P253251.17,,,,2,line,P253251,17
333,P253251.20,r 1,umbisaŋ[scribe]N,umbisaŋ,,,P253251,20
334,P253258.2,o 1,kišib[seal]N zagin[lapis]N,{na₄}kišib za-gin₃,,,P253258,2
335,P253258.3,o 2,lagab[block]N zagin[lapis]N,{na₄}lagab za-gin₃,,,P253258,3
336,P253258.4,o 3,ellaŋ[bead]N zagin[lapis]N,{na₄}ellaŋ₂ za-gin₃,,,P253258,4
337,P253258.5,o 4,gug[carnelian]N,{na₄}gug,,,P253258,5
338,P253258.6,o 5,gug[carnelian]N gazi[condiment]N,{na₄}gug gazi,,,P253258,6
339,P273857.2,o 1,x[NA]NA x[NA]NA,x x,,,P273857,2
340,P273857.3,o 2,kul[plant]N,{u₂}kul,,,P273857,3
341,P273857.4,o 3,{u₂}|ZI:ZI.LAGAB|[NA]NA,{u₂}|ZI:ZI.LAGAB|,,,P273857,4
342,P273857.5,o 4,{u₂}|ZI:ZI.LAGAB|[NA]NA x[NA]NA,{u₂}|ZI:ZI.LAGAB| x,,,P273857,5
343,P273857.6,o 5,{u₂}x[NA]NA,{u₂}x,,,P273857,6
344,P273857.7,o 6,{u₂}|ZI:ZI.LAGAB|[NA]NA KUD[NA]NA,{u₂}|ZI:ZI.LAGAB| KUD,,,P273857,7
345,P273857.8,o 7,{u₂}x-TUR[NA]NA,{u₂}x-TUR,,,P273857,8
346,P273857.9,o 8,aštaltal[plant]N,{u₂}aš-tal₂-tal₂,,,P273857,9
347,P273857.10,o 9,penzer[cobweb]N,{u₂}pe-ze₂-er,,,P273857,10
348,P273857.11,o 10,{u₂}x-ra[NA]NA,{u₂}x-ra,,,P273857,11
349,P273857.12,o 11,dih[weed]N,{u₂}deh₃,,,P273857,12
350,P273857.13,o 12,amani[plant]N,{u₂}ama-ni,,,P273857,13
351,P273857.14,o 13,dumuni[plant]N,{u₂}dumu-ni,,,P273857,14
352,P273857.15,o 14,niŋamani[plant]N,{u₂}niŋ₂-nam-ma-ni,,,P273857,15
353,P273857.16,o 15,niŋurum[plant]N,{u₂}niŋ₂-u₂-rum,,,P273857,16
354,P273857.17,o 16,munzer[licorice]N,{u₂}munzer,,,P273857,17
355,P273857.18,o 17,KI.KAL[grasses]N,{u₂}|KI.KAL|,,,P273857,18
356,P273857.19,o 18,KI.KAL[grasses]N,{u₂}|KI.KAL|,,,P273857,19
357,P273857.20,o 19,amsiharranak[plant]N,{u₂}am-si-har-ra-an,,,P273857,20
358,P310444.1,1,šum[garlic]N,šum₂{sar},,,P310444,1
359,P310444.2,2,šumsikil[vegetable]N,šum₂-sikil{sar},,,P310444,2
360,P310444.3,3,šumsikil[vegetable]N lum{sar}[NA]NA,šum₂-sikil lum{sar},,,P310444,3
361,P332824.2,i 01,kagina[stone]N,{na₄}ka-gi-na,,,P332824,2
362,P332824.3,i 02,kagina[stone]N til[live]V/i,{na₄}ka-gi-na til₃,,,P332824,3
363,P332824.4,i 03,kagina[stone]N kalag[strong]V/i,{na₄}ka-gi-na kalag,,,P332824,4
364,P332824.5,i 04,kagina[stone]N zalag[shine]V/i,{na₄}ka-gi-na zalag₂,,,P332824,5
365,P332824.6,i 05,kagina[stone]N sag[good]V/i,{na₄}ka-gi-na sag₁₀,,,P332824,6
366,P332824.7,i 06,kagina[stone]N dab[seize]V/t,{na₄}ka-gi-na dab,,,P332824,7
367,P332824.8,i 07,kišib[seal]N kagina[stone]N,{na₄}kišib ka-gi-na,,,P332824,8
368,P332824.9,i 08,lagab[block]N kagina[stone]N,{na₄}lagab ka-gi-na,,,P332824,9
369,P332824.10,i 09,esi[diorite]N,{na₄}esi,,,P332824,10
370,P332824.11,i 10,ŋešnugal[alabaster]N,{na₄}ŋeš-nu₁₁-gal,,,P332824,11
371,P332824.12,i 11,kišib[seal]N ŋešnugal[alabaster]N,{na₄}kišib ŋeš-nu₁₁-gal,,,P332824,12
372,P332824.13,i 12,lagab[block]N ŋešnugal[alabaster]N,{na₄}lagab ŋeš-nu₁₁-gal,,,P332824,13
373,P332824.14,i 13,ašuba[stone]N,{na₄}a₂-šuba,,,P332824,14
374,P332824.15,i 14,kišib[seal]N ašuba[stone]N,{na₄}kišib a₂-šuba,,,P332824,15
375,P332824.16,i 15,lagab[block]N ašuba[stone]N,{na₄}lagab a₂-šuba,,,P332824,16
376,P332824.17,i 16,algameš[stone]N,{na₄}algameš(|SAL.HUB₂|),,,P332824,17
377,P332824.18,i 17,kišib[seal]N algameš[stone]N,{na₄}kišib algameš(|SAL.HUB₂|),,,P332824,18
378,P332824.19,i 18,lagab[block]N algameš[stone]N,{na₄}lagab algameš(|SAL.HUB₂|),,,P332824,19
379,P332824.20,i 19,dušia[stone]N,{na₄}du₈-ši-a,,,P332824,20
380,P332824.21,i 20,kišib[seal]N dušia[stone]N,{na₄}kišib du₈-ši-a,,,P332824,21
381,P332824.22,i 21,lagab[block]N dušia[stone]N,{na₄}lagab du₈-ši-a,,,P332824,22
382,P332824.23,i 22,ellaŋ[bead]N dušia[stone]N,{na₄}ellaŋ₂ du₈-ši-a,,,P332824,23
383,P332824.24,i 23,daggaz[block]N dušia[stone]N,{na₄}da-gaz du₈-ši-a,,,P332824,24
384,P332824.26,,,,10,line,P332824,26
385,P332824.27,ii 11,{na₄}x[NA]NA,{na₄}x,,,P332824,27
386,P332824.28,ii 12,nir[stone]N alal[wood?]N,{na₄}nir₂ a-la-lum,,,P332824,28
387,P332824.29,ii 13,nir[stone]N alal[wood?]N,{na₄}nir₂ u₂-la-lum,,,P332824,29
388,P332824.30,ii 14,nir[stone]N madanum[stone]N,{na₄}nir₂ ma-da-lum,,,P332824,30
389,P332824.31,ii 15,nir[stone]N mušŋiri[stone]N,{na₄}nir₂ muš-ŋiri₂,,,P332824,31
390,P332824.32,ii 16,nir[stone]N x[NA]NA,{na₄}nir₂ x,,,P332824,32
391,P332824.33,ii 17,kišib[seal]N nir[stone]N,{na₄}kišib nir₂,,,P332824,33
392,P332824.34,ii 18,lagab[block]N nir[stone]N,{na₄}lagab nir₂,,,P332824,34
393,P332824.35,ii 19,na[stone]N x[NA]NA,na₄ x,,,P332824,35
394,P332825.2,,,,6,line,P332825,2
395,P332825.4,ii 1',{na₄}ŠU-x[NA]NA,{na₄}ŠU-x,,,P332825,4
396,P332825.5,ii 2',{na₄}DAR-x[NA]NA,{na₄}DAR-x,,,P332825,5
397,P332825.6,ii 3',{na₄}ma₂-x[NA]NA,{na₄}ma₂-x,,,P332825,6
398,P332825.7,ii 4',{na₄}saŋ-x-x[NA]NA,{na₄}saŋ-x-x,,,P332825,7
399,P332825.8,ii 5',{na₄}saŋ-x[NA]NA,{na₄}saŋ-x,,,P332825,8
400,P332825.9,ii 6',kinkin[millstone]N,{na₄}kinkin,,,P332825,9
401,P332825.10,ii 7',kinkin[millstone]N zibi[stone]N,{na₄}kinkin zi-bi,,,P332825,10
402,P332825.11,ii 8',kinkin[millstone]N zibi[stone]N šu[pestle]N sig[put]V/t,{na₄}kinkin zi-bi šu sig₁₀,,,P332825,11
403,P332825.12,ii 9',kinkin[millstone]N adbar[basalt]N,{na₄}kinkin ad-bar,,,P332825,12
404,P332825.13,ii 10',kinkin[millstone]N adbar[basalt]N šu[pestle]N sig[put]V/t,{na₄}kinkin ad-bar šu sig₁₀,,,P332825,13
405,P332825.14,ii 11',kinkin[millstone]N zid[flour]N x[NA]NA,{na₄}kinkin zid₂ x,,,P332825,14
406,P332825.15,ii 12',kinkin[millstone]N zid[flour]N x[NA]NA,{na₄}kinkin zid₂ x,,,P332825,15
407,P332825.16,ii 13',kinkin[millstone]N niŋ₂-mur-ra[NA]NA,{na₄}kinkin niŋ₂-mur-ra,,,P332825,16
408,P332825.17,ii 14',kinkin[millstone]N bahar[potter]N,{na₄}kinkin bahar₂,,,P332825,17
409,P332825.18,ii 15',kinkin[millstone]N ŋeši[sesame]N,{na₄}kinkin {še}ŋeš-i₃,,,P332825,18
410,P332825.19,ii 16',kinkin[millstone]N šu[pestle]N sig[put]V/t,{na₄}kinkin šu sig₁₀,,,P332825,19
411,P332825.20,ii 17',kinkin[millstone]N šu[pestle]N,{na₄}kinkin šu-šu,,,P332825,20
412,P332825.21,ii 18',našugulgul[millstone]N,na₄-šu-gul-gul,,,P332825,21
413,P332825.23,,,,1,line,P332825,23
414,P332825.24,iii 2',lagab[block]N x[NA]NA x[NA]NA,{na₄}lagab x x,,,P332825,24
415,P332825.25,iii 3',durul[stone]N,{na₄}dur-ul₃,,,P332825,25
416,P332825.26,iii 4',kišib[seal]N durul[stone]N,{na₄}kišib dur-ul₃,,,P332825,26
417,P332825.27,iii 5',lagab[block]N durul[stone]N,{na₄}lagab dur-ul₃,,,P332825,27
418,P332825.28,iii 6',anzugulme[stone]N,{na₄}an-zu-gul-me,,,P332825,28
419,P332825.29,iii 7',kišib[seal]N an-zu-gul-me[NA]NA,{na₄}kišib an-zu-gul-me,,,P332825,29
420,P332825.30,iii 8',{na₄}x-x[NA]NA,{na₄}x-x,,,P332825,30
421,P332825.31,iii 9',{na₄}x[NA]NA,{na₄}x,,,P332825,31
422,P332825.32,iii 10',{na₄}x[NA]NA,{na₄}x,,,P332825,32
423,P332825.33,iii 11',{na₄}x[NA]NA,{na₄}x,,,P332825,33
424,P332825.34,iii 12',{na₄}x[NA]NA,{na₄}x,,,P332825,34
425,P332829.2,r 1',lagab[block]N kagina[stone]N,{na₄}lagab ka-gi-na,,,P332829,2
426,P332829.3,r 2',esi[diorite]N,{na₄}esi,,,P332829,3
427,P332829.4,r 3',ŋešnugal[alabaster]N,{na₄}ŋeš-nu₁₁-gal,,,P332829,4
428,P332829.5,r 4',kišib[seal]N ŋešnugal[alabaster]N,{na₄}kišib ŋeš-nu₁₁-gal,,,P332829,5
429,P332829.6,r 5',lagab[block]N ŋešnugal[alabaster]N,{na₄}lagab ŋeš-nu₁₁-gal,,,P332829,6
430,P332829.7,r 6',dušia[stone]N,{na₄}du₈-ši-a,,,P332829,7
431,P332829.8,r 7',kišib[seal]N dušia[stone]N,{na₄}kišib du₈-ši-a,,,P332829,8
432,P332829.9,r 8',lagab[block]N dušia[stone]N,{na₄}lagab du₈-ši-a,,,P332829,9
433,P332829.10,r 9',algameš[stone]N,{na₄}algameš(|SAL.HUB₂|),,,P332829,10
434,P332829.11,r 10',kišib[seal]N algameš[stone]N,{na₄}kišib algameš,,,P332829,11
435,P332829.12,r 11',lagab[block]N algameš[stone]N,{na₄}lagab algameš,,,P332829,12
436,P332829.13,r 12',ašuba[stone]N,{na₄}a₂-šuba,,,P332829,13
437,P332829.15,r ii 1',marhuša[stone]N,{na₄}mar-hu-šum,,,P332829,15
438,P332829.16,r ii 2',marhali[stone]N,{na₄}mar-ha-lum,,,P332829,16
439,P332829.17,r ii 3',gug[carnelian]N,{na₄}gug,,,P332829,17
440,P332829.18,r ii 4',gug[carnelian]N gazi[condiment]N,{na₄}gug gazi,,,P332829,18
441,P332829.19,r ii 5',gug[carnelian]N gid[drag]V/t,{na₄}gug gid₂,,,P332829,19
442,P332829.20,r ii 6',gug[carnelian]N lugud[short]V/i,{na₄}gug lugud₂,,,P332829,20
443,P332829.21,r ii 7',gug[carnelian]N burud[perforate]V/t,{na₄}gug burudₓ(U),,,P332829,21
444,P332829.22,r ii 8',gug[carnelian]N Meluhha[1]GN,{na₄}gug me-luh-ha,,,P332829,22
445,P332829.23,r ii 9',gug[carnelian]N amar-hi-li[NA]NA,{na₄}gug amar-hi-li,,,P332829,23
446,P332829.24,r ii 10',kišib[seal]N gug[carnelian]N,{na₄}kišib gug,,,P332829,24
447,P332829.25,r ii 11',lagab[block]N gug[carnelian]N,{na₄}lagab gug,,,P332829,25
448,P332830.3,o 1,kagina[stone]N,{na₄}ka-gi-na,,,P332830,3
449,P332830.4,o 2,kagina[stone]N til[live]V/i,{na₄}ka-gi-na til₃,,,P332830,4
450,P332830.5,o 3,kišib[seal]N kagina[stone]N,{na₄}kišib ka-gi-na,,,P332830,5
451,P332830.6,o 4,lagab[block]N kagina[stone]N,{na₄}lagab ka-gi-na,,,P332830,6
452,P332830.7,o 5,ellaŋ[bead]N kagina[stone]N,{na₄}ellaŋ₂ ka-gi-na,,,P332830,7
453,P332830.8,o 6,esi[diorite]N,{na₄}esi,,,P332830,8
454,P332830.9,o 7,ŋešnugal[alabaster]N,{na₄}nu₁₁-gal,,,P332830,9
455,P332830.10,o 8,kišib[seal]N ŋešnugal[alabaster]N,{na₄}kišib nu₁₁-gal,,,P332830,10
456,P332830.11,o 9,lagab[block]N ŋešnugal[alabaster]N,{na₄}lagab nu₁₁-gal,,,P332830,11
457,P332830.12,o 10,ellaŋ[bead]N ŋešnugal[alabaster]N,{na₄}ellaŋ₂ nu₁₁-gal,,,P332830,12
458,P332830.13,o 11,dušia[stone]N,{na₄}du₈-ši-a,,,P332830,13
459,P332830.14,o 12,kišib[seal]N dušia[stone]N x[NA]NA,{na₄}kišib du₈-ši-a x,,,P332830,14
460,P332830.15,o 13,lagab[block]N dušia[stone]N,{na₄}lagab du₈-ši-a,,,P332830,15
461,P332830.16,o 14,ellaŋ[bead]N dušia[stone]N,{na₄}ellaŋ₂ du₈-ši-a,,,P332830,16
462,P332830.17,o 15,daggaz[block]N dušia[stone]N,{na₄}da-gaz du₈-ši-a,,,P332830,17
463,P332830.18,o 16,kišib[seal]N dušia[stone]N saŋšu[turban]N kugsig[gold]N ŋar[place]V/t za-gal-la[NA]NA,{na₄}kišib du₈-ši-a zag-šu₂ kug-sig₁₇ ŋar za-gal-la,,,P332830,18
464,P332830.19,o 17,algameš[stone]N,{na₄}algameš,,,P332830,19
465,P332830.20,o 18,kišib[seal]N algameš[stone]N,{na₄}kišib algameš,,,P332830,20
466,P332830.21,o 19,lagab[block]N algameš[stone]N,{na₄}lagab algameš,,,P332830,21
467,P332830.22,o 20,ellaŋ[bead]N algameš[stone]N,{na₄}ellaŋ₂ algameš,,,P332830,22
468,P332830.23,o 21,ašuba[stone]N,{na₄}a₂-šuba(|ZA.MUŠ₃|),,,P332830,23
469,P332830.24,o 22,kišib[seal]N ašuba[stone]N,{na₄}kišib a₂-šuba,,,P332830,24
470,P332830.25,o 23,lagab[block]N ašuba[stone]N,{na₄}lagab a₂-šuba,,,P332830,25
471,P332830.26,o 24,ellaŋ[bead]N ašuba[stone]N,{na₄}ellaŋ₂ a₂-šuba,,,P332830,26
472,P332830.27,o 25,nir[stone]N,{na₄}nir₂,,,P332830,27
473,P332830.28,o 26,nir[stone]N alal[wood?]N,{na₄}nir₂ e-la-lum,,,P332830,28
474,P332830.29,o 27,nir[stone]N alal[wood?]N,{na₄}nir₂ hu-la-lum,,,P332830,29
475,P332830.30,o 28,nir[stone]N mušŋiri[stone]N,{na₄}nir₂ muš-ŋiri₂,,,P332830,30
476,P332830.31,o 29,nir[stone]N a₂-x[NA]NA,{na₄}nir₂ a₂-x,,,P332830,31
477,P332830.32,o 30,zagin[lapis]N,{na₄}za-gin₃,,,P332830,32
478,P332830.33,o 31,zaginduru[lapis]N,{na₄}za-gin₃-duru₅,,,P332830,33
479,P332830.34,o 32,zaginŋešdili[beads]N,{na₄}za-gin₃-ŋeš-dili,,,P332830,34
480,P332830.35,o 33,zagin[lapis]N gu[neck]N tum[dove]N,{na₄}za-gin₃ gu₂ tum₁₂{mušen},,,P332830,35
481,P332830.36,o 34,zagin[lapis]N gu[neck]N bir[locust]N,{na₄}za-gin₃ gu₂ bir₅{mušen},,,P332830,36
482,P332830.37,o 35,zagin[lapis]N anšeʾedenak[equid]N,{na₄}za-gin₃ anše-eden-na,,,P332830,37
483,P332830.38,o 36,zagin[lapis]N lub[turnip]N,{na₄}za-gin₃ lu-pu₂(|LAGAB×U|)-da-x,,,P332830,38
484,P332830.39,o 37,zagin[lapis]N ŋeštin[vine]N,{na₄}za-gin₃ ŋeštin,,,P332830,39
485,P332830.40,o 38,zagin[lapis]N zala[smashed]N,{na₄}za-gin₃ za₃-la₂-la₂,,,P332830,40
486,P332830.41,o 39,zagin[lapis]N su[red]V/i,{na₄}za-gin₃ su,,,P332830,41
487,P332830.42,o 40,ad[bead]N zagin[lapis]N,{na₄}ad za-gin₃,,,P332830,42
488,P332830.43,o 41,adtab[~harness]N ziŋal[living-things]N zagin[lapis]N,{na₄}ad-tab zi-ŋal₂ za-gin₃,,,P332830,43
489,P332830.44,o 42,ad[bead]N gu[neck]N zagin[lapis]N,{na₄}ad gu₂ za-gin₃,,,P332830,44
490,P332830.45,o 43,lammar[deity]N zagin[lapis]N,{na₄}{d}lama za-gin₃,,,P332830,45
491,P332830.46,o 44,alan[statue]N zagin[lapis]N,{na₄}alan za-gin₃,,,P332830,46
492,P332830.47,o 45,gubar[nape]N zagin[lapis]N,{na₄}gu₂-bar za-gin₃,,,P332830,47
493,P332830.49,r 1,{na₄}gag[NA]NA gubar[nape]N zagin[lapis]N,{na₄}gag gu₂-bar za-gin₃,,,P332830,49
494,P332830.50,r 2,mad[pupil?]N igi[eye]N zagin[lapis]N,{na₄}ma-ad igi za-gin₃,,,P332830,50
495,P332830.51,r 3,sigigi[eyebrow]N zagin[lapis]N,{na₄}sig₇-igi za-gin₃,,,P332830,51
496,P332830.52,r 4,niŋtag[cut]N zagin[lapis]N,{na₄}niŋ₂-tag-ga za-gin₃,,,P332830,52
497,P332830.53,r 5,bizaza[frog]N,{na₄}bi₂-za-za,,,P332830,53
498,P332830.54,r 6,{na₄}x-x-x-hub₂[NA]NA zagin[lapis]N,{na₄}x-x-x-hub₂ za-gin₃,,,P332830,54
499,P332830.55,r 7,{na₄}X-zi-te-ig[NA]NA zagin[lapis]N,{na₄}X-zi-te-ig za-gin₃,,,P332830,55
500,P332830.56,r 8,kišib[seal]N zagin[lapis]N,{na₄}kišib za-gin₃,,,P332830,56
501,P332830.57,r 9,lagab[block]N zagin[lapis]N,{na₄}lagab za-gin₃,,,P332830,57
502,P332830.58,r 10,ellaŋ[bead]N zagin[lapis]N,{na₄}ellaŋ₂ za-gin₃,,,P332830,58
503,P332830.59,r 11,kišib[seal]N zagin[lapis]N saŋšu[turban]N kugsig[gold]N ŋar[place]V/t,{na₄}kišib za-gin₃ zag-šu₂ kug-sig₁₇ ŋar,,,P332830,59
504,P332830.60,r 12,nir[stone]N,{na₄}nir₇(|ZA.DUN₃@g@g|),,,P332830,60
505,P332830.61,r 13,nir[stone]N x-x[NA]NA,{na₄}nir₇ x-x,,,P332830,61
506,P332830.62,r 14,nir[stone]N x[NA]NA,{na₄}nir₇ x,,,P332830,62
507,P332830.63,r 15,nir[stone]N babbardili[stone]N,{na₄}nir₇ babbar-dili,,,P332830,63
508,P332830.64,r 16,nir[stone]N babbarmin[stone]N,{na₄}nir₇ babbar-min₅,,,P332830,64
509,P332830.65,r 17,nir[stone]N ŋir₂-x[NA]NA,{na₄}nir₇ ŋir₂-x,,,P332830,65
510,P332830.66,r 18,nir[stone]N mušŋiri[stone]N,{na₄}nir₇ muš-ŋiri₂,,,P332830,66
511,P332830.67,r 19,nir[stone]N alal[wood?]N,{na₄}nir₇ a-la-lum,,,P332830,67
512,P332830.68,r 20,nir[stone]N madanum[stone]N,{na₄}nir₇ ma-da-lum,,,P332830,68
513,P332830.69,r 21,nir[stone]N pa[branch]N mušen[bird]N,{na₄}nir₇ pa mušen,,,P332830,69
514,P332830.70,r 22,kišib[seal]N nir[stone]N,{na₄}kišib nir₇,,,P332830,70
515,P332830.71,r 23,lagab[block]N nir[stone]N,{na₄}lagab nir₇,,,P332830,71
516,P332830.72,r 24,ellaŋ[bead]N nir[stone]N,{na₄}ellaŋ₂ nir₇,,,P332830,72
517,P332830.73,r 25,marhuša[stone]N,{na₄}mar-hu-šum,,,P332830,73
518,P332830.74,r 26,marhali[stone]N,{na₄}mar-ha-lum,,,P332830,74
519,P332830.75,r 27,gug[carnelian]N,{na₄}gug,,,P332830,75
520,P332830.76,r 28,gug[carnelian]N zu[stone]N,{na₄}gug zu₂,,,P332830,76
521,P332830.77,r 29,gug[carnelian]N gazi[condiment]N,{na₄}gug gazi,,,P332830,77
522,P332830.78,r 30,gug[carnelian]N gid[long]V/i,{na₄}gug gid₂,,,P332830,78
523,P332830.79,r 31,gug[carnelian]N lugud[short]V/i,{na₄}gug lugud₂,,,P332830,79
524,P332830.80,r 32,gug[carnelian]N burud[perforate]V/t,{na₄}gug burudₓ(U),,,P332830,80
525,P332830.81,r 33,gug[carnelian]N gaba-zi[NA]NA,{na₄}gug gaba-zi,,,P332830,81
526,P332830.82,r 34,gug[carnelian]N Meluhha[1]GN,{na₄}gug me-luh-ha,,,P332830,82
527,P332830.83,r 35,kišib[seal]N gug[carnelian]N,{na₄}kišib gug,,,P332830,83
528,P332830.84,r 36,lagab[block]N gug[carnelian]N,{na₄}lagab gug,,,P332830,84
529,P332830.85,r 37,ellaŋ[bead]N gug[carnelian]N,{na₄}ellaŋ₂ gug,,,P332830,85
530,P332830.86,r 38,daggaz[block]N,{na₄}da-gaz,,,P332830,86
531,P332830.87,r 39,anzugulme[stone]N,{na₄}an-zu₂-gul-me,,,P332830,87
532,P332830.88,r 40,kišib[seal]N anzugulme[stone]N,{na₄}kišib an-zu₂-gul-me,,,P332830,88
533,P332830.89,r 41,lagab[block]N anzugulme[stone]N,{na₄}lagab an-zu₂-gul-me,,,P332830,89
534,P332830.90,r 42,ellaŋ[bead]N anzugulme[stone]N,{na₄}ellaŋ₂ an-zu₂-gul-me,,,P332830,90
535,P332830.91,r 43,egizaga[stone]N,{na₄}en-gin₇-sag₉,,,P332830,91
536,P332830.92,r 44,{na₄}a-BI[NA]NA,{na₄}a-BI,,,P332830,92
537,P332830.93,r 45,{na₄}X-sig₇[NA]NA,{na₄}X-sig₇,,,P332830,93
538,P332830.94,r 46,amašpaʾed[stone]N,{na₄}amaš-pa₃-e₃-a,,,P332830,94
539,P332830.95,r 47,šuniŋin[total]N 1.31[NA]NA mu[name]N,šu-niŋin 1.31 mu,,,P332830,95
540,P332837.3,o 1,na[stone]N ušu[thirty]NU mana[unit]N,na₄ ušu₃ ma-na,,,P332837,3
541,P332837.4,o 2,na[stone]N niš[twenty]NU mana[unit]N,na₄ niš ma-na,,,P332837,4
542,P332837.5,o 3,na[stone]N u[ten]NU mana[unit]N,na₄ u ma-na,,,P332837,5
543,P332838.2,o 1,iškila[shell]N,{na₄}iškila,,,P332838,2
544,P332838.3,o 2,iškila[shell]N ab[sea]N,{na₄}iškila ab,,,P332838,3
545,P332838.4,o 3,iškila[shell]N,{na₄}iškila,,,P332838,4
546,P332838.5,o 4,iškila[shell]N ab[sea]N,{na₄}iškila ab,,,P332838,5
547,P332838.7,r 1,ze₂-x[NA]NA,ze₂-x,,,P332838,7
548,P332838.8,r 2,ze₂-x[NA]NA,ze₂-x,,,P332838,8
549,P332841.3,o 1,uz[duck]N,{na₄}uz,,,P332841,3
550,P332841.4,o 2,uz[duck]N babbar[white]V/i,{na₄}uz babbar,,,P332841,4
551,P332841.5,o 3,uz[duck]N giggi[black]V/i,{na₄}uz giggi,,,P332841,5
552,P332922.3,,,,6,line,P332922,3
553,P332922.5,a ii 1,nir[stone]N babbardili[stone]N,{na₄}nir₂ babbar₂-dili,,,P332922,5
554,P332922.6,a ii 2,nir[stone]N babbarmin[stone]N,{na₄}nir₂ babbar₂-min₅,,,P332922,6
555,P332922.7,a ii 3,nir[stone]N mušŋiri[stone]N,{na₄}nir₂ muš-ŋiri₂,,,P332922,7
556,P332922.8,a ii 4,nir[stone]N aškud[~door]N,{na₄}nir₂ aškud₂,,,P332922,8
557,P332922.9,a ii 5,šuba[stone]N,{na₄}šuba,,,P332922,9
558,P332922.10,a ii 6,šuba[stone]N a[arm]N zid[right]V/i,{na₄}šuba a₂ zid,,,P332922,10
559,P332922.11,a ii 7,šuba[stone]N a[arm]N gab[left]N,{na₄}šuba a₂ gab₂,,,P332922,11
560,P332922.12,a ii 8,šuba[stone]N x-RI-RI[NA]NA,{na₄}šuba x-RI-RI,,,P332922,12
561,P332922.13,a ii 9,šuba[stone]N gin[firm]V/i,{na₄}šuba gin₆,,,P332922,13
562,P332922.15,a iii 1,haštum[stone]N,hi-iš-tum,,,P332922,15
563,P332922.16,a iii 2,kišib[seal]N haštum[stone]N,{na₄}kišib hi-iš-tum,,,P332922,16
564,P332922.17,a iii 3,lagab[block]N haštum[stone]N,{na₄}lagab hi-iš-tum,,,P332922,17
565,P332922.18,a iii 4,kinkin[millstone]N,{na₄}kinkin,,,P332922,18
566,P332922.19,a iii 5,kinkin[millstone]N šu[pestle]N,{na₄}kinkin šu,,,P332922,19
567,P332922.20,a iii 6,kinkin[millstone]N adbar[basalt]N,{na₄}kinkin ad-bar,,,P332922,20
568,P332922.21,a iii 7,kinkin[millstone]N zibi[stone]N,{na₄}kinkin zi-ba,,,P332922,21
569,P332922.22,a iii 8,zu[stone]N,{na₄}zu₂,,,P332922,22
570,P332922.23,a iii 9,zu[stone]N babbar[white]V/i,{na₄}zu₂ babbar,,,P332922,23
571,P332922.24,a iii 10,zu[stone]N kukkug[dark]V/i,{na₄}zu₂ kukku₅,,,P332922,24
572,P332922.25,a iii 11,{na₄}x[NA]NA,{na₄}x,,,P332922,25
573,P332922.28,b i 1,na[stone]N igi[~mathematics]N limmu[four]NU ŋal[be]V/i,na₄ igi limmu₅ ŋal₂,,,P332922,28
574,P332922.29,b i 2,na[stone]N 22.1/2[NA]NA še[barley]N,na₄ 22.1/2 še,,,P332922,29
575,P332922.30,b i 3,na[stone]N niš[twenty]NU še[barley]N,na₄ niš še,,,P332922,30
576,P332922.31,b i 4,na[stone]N 15[NA]NA še[barley]N,na₄ 15 še,,,P332922,31
577,P332922.32,b i 5,na[stone]N u[ten]NU še[barley]N,na₄ u še,,,P332922,32
578,P332922.33,b i 6,na[stone]N ya[five]NU še[barley]N,na₄ ia₂ še,,,P332922,33
579,P332922.34,b i 7,na[stone]N x[NA]NA še[barley]N,na₄ x še,,,P332922,34
580,P332922.35,b i 8,na[stone]N x[NA]NA še[barley]N,na₄ x še,,,P332922,35
581,P332922.37,b ii 1,mušŋiri[stone]N,{na₄}muš-ŋar-ra,,,P332922,37
582,P332922.38,b ii 2,ašag[field]N,a-šag₄,,,P332922,38
583,P332922.39,b ii 3,ašag[field]N duh[loosen]V/t,a-šag₄ duh,,,P332922,39
584,P332922.40,b ii 4,ašag[field]N duh[loosen]V/t x[NA]NA x[NA]NA,a-šag₄ duh x x,,,P332922,40
585,P332922.41,b ii 5,ašag[field]N ŋar[place]V/t,a-šag₄ ŋar,,,P332922,41
586,P332922.42,b ii 6,ašag[field]N ŋar[place]V/t buru[harvest]N,a-šag₄ ŋar buru₁₄,,,P332922,42
587,P332922.43,b ii 7,ašag[field]N TUG₂[NA]NA gar₃[NA]NA,a-šag₄ TUG₂ gar₃,,,P332922,43
588,P332922.44,b ii 8,ašag[field]N šu-na-x[NA]NA x[NA]NA,a-šag₄ šu-na-x x,,,P332922,44
589,P332922.45,b ii 9,x[NA]NA KU[NA]NA,x KU,,,P332922,45
590,P332922.46,,,,2,line,P332922,46
591,P332922.48,,,,6,line,P332922,48
592,P332924.3,o i 1',šuba[stone]N su[red]V/i,{na₄}šuba su₄,,,P332924,3
593,P332924.4,o i 2',šuba[stone]N gunu[speckled]V/i,{na₄}šuba gun₃,,,P332924,4
594,P332924.5,o i 3',šuba[stone]N a[arm]N zid[right]V/i,{na₄}šuba a₂ zid,,,P332924,5
595,P332924.6,o i 4',šuba[stone]N a[arm]N gab[left]N,{na₄}šuba a₂ gab₂-ba,,,P332924,6
596,P332924.7,o i 5',zagin[lapis]N,{na₄}za-gin₃,,,P332924,7
597,P332924.8,o i 6',zaginduru[lapis]N,{na₄}za-gin₃-duru₅,,,P332924,8
598,P332924.9,o i 7',zagin[lapis]N ŋešdili[string-of-beads]N,{na₄}za-gin₃ dili,,,P332924,9
599,P332924.10,o i 8',zagin[lapis]N gu[neck]N tum[dove]N,{na₄}za-gin₃ gu₂ tum₁₂{mušen},,,P332924,10
600,P332924.11,o i 9',x[NA]NA x-il[NA]NA,x x-il,,,P332924,11
601,P332924.13,,,,1,column,P332924,13
602,P332924.16,,,,6,line,P332924,16
603,P332924.18,r ii 1',šuʾu[stone]N,{na₄}šu-u,,,P332924,18
604,P332924.19,r ii 2',šumin[stone]N,{na₄}šu-min₃,,,P332924,19
605,P332924.20,r ii 3',ŋirizugalak[flint]N,{na₄}ŋiri₂-zu₂-gal,,,P332924,20
606,P332924.21,r ii 4',kinkin[millstone]N,{na₄}kinkin,,,P332924,21
607,P332924.22,r ii 5',kinkin[millstone]N šu[hand]N,{na₄}kinkin šu,,,P332924,22
608,P332924.23,r ii 6',kinkin[millstone]N zibi[stone]N,{na₄}kinkin zi-bi,,,P332924,23
609,P332924.24,r ii 7',kinkin[millstone]N adbar[basalt]N,{na₄}kinkin ad-bar,,,P332924,24
610,P332924.25,r ii 8',kinkin[millstone]N šu[pestle]N sig[put]V/t,{na₄}kinkin šu sig₁₀,,,P332924,25
611,P332924.26,r ii 9',kinkin[millstone]N zidgu[flour]N,{na₄}kinkin zid₂-gu,,,P332924,26
612,P332924.27,r ii 10',na[stone]N x[NA]NA x[NA]NA,na₄ x x,,,P332924,27
613,P332929.3,,,,1,line,P332929,3
614,P332929.4,o 2,gug[carnelian]N Meluhha[1]GN,{na₄}gug me-luh-ha,,,P332929,4
615,P332929.5,o 3,gug[carnelian]N gid[long]V/i,{na₄}gug gid₂,,,P332929,5
616,P332929.6,o 4,gug[carnelian]N lugud[short]V/i,{na₄}gug lugud₂,,,P332929,6
617,P332929.7,o 5,gug[carnelian]N gurum[bend]V/t,{na₄}gug gurum,,,P332929,7
618,P332929.8,o 6,gug[carnelian]N LAGAB[NA]NA,{na₄}gug LAGAB,,,P332929,8
619,P332929.9,o 7,gug[carnelian]N SI-KAK[NA]NA,{na₄}gug SI-KAK,,,P332929,9
620,P332929.10,o 8,kišib[seal]N gug[carnelian]N,{na₄}kišib gug,,,P332929,10
621,P332929.11,o 9,lagab[block]N gug[carnelian]N,{na₄}lagab gug,,,P332929,11
622,P332929.12,o 10,ellaŋ[bead]N gug[carnelian]N,{na₄}ellaŋ₂ gug,,,P332929,12
623,P332929.13,o 11,nir[stone]N,{na₄}nir₂(|ZA.DUN₃@g|),,,P332929,13
624,P332929.14,o 12,nir[stone]N ib[hips]N,{na₄}nir₂ ib₂,,,P332929,14
625,P332929.15,o 13,nir[stone]N igi[eye]N,{na₄}nir₂ igi,,,P332929,15
626,P332929.16,o 14,nir[stone]N kab[nose-rope]N mušen[bird]N,{na₄}nir₂ kab mušen,,,P332929,16
627,P332929.17,o 15,nir[stone]N alal[wood?]N,{na₄}nir₂ a-la-lum,,,P332929,17
628,P332929.18,o 16,nir[stone]N madanum[stone]N,{na₄}nir₂ ma-du-lum,,,P332929,18
629,P332929.19,o 17,nir[stone]N mušŋiri[stone]N,{na₄}nir₂ muš-ŋiri₂,,,P332929,19
630,P332929.20,o 18,nir[stone]N igi[eye]N mušŋiri[stone]N,{na₄}nir₂ igi muš-ŋiri₂,,,P332929,20
631,P332929.21,o 19,nir[stone]N babbardili[stone]N,{na₄}nir₂ babbar-dili,,,P332929,21
632,P332929.22,,,,2,line,P332929,22
633,P332942.3,o 1,šaŋan[flask]N algameš[stone]N,{na₄}šaŋan algamešₓ(|SAL.HUB₂|),,,P332942,3
634,P332942.4,o 2,kagina[stone]N,{na₄}ka-gi-na,,,P332942,4
635,P332942.5,o 3,haštum[stone]N,{na₄}haš₂(|TUM×(U.U.U)|)-tum,,,P332942,5
636,P332944.4,o i 1',x[NA]NA x[NA]NA zagin[lapis]N,x x za-gin₃,,,P332944,4
637,P332944.5,o i 2',niŋtag[cut]N zagin[lapis]N,{na₄}niŋ₂-tag-ga za-gin₃,,,P332944,5
638,P332944.6,o i 3',x[NA]NA x[NA]NA zagin[lapis]N,x x za-gin₃,,,P332944,6
639,P332944.7,o i 4',x[NA]NA x[NA]NA zagin[lapis]N,x x za-gin₃,,,P332944,7
640,P332944.8,o i 5',x[NA]NA x[NA]NA zagin[lapis]N,x x za-gin₃,,,P332944,8
641,P332944.9,o i 6',x[NA]NA x[NA]NA zagin[lapis]N,x x za-gin₃,,,P332944,9
642,P332944.10,o i 7',x[NA]NA zagin[lapis]N,x za-gin₃,,,P332944,10
643,P332944.11,o i 8',x-PI[NA]NA zagin[lapis]N,x-PI za-gin₃,,,P332944,11
644,P332944.12,o i 9',x[NA]NA x[NA]NA zagin[lapis]N,x x za-gin₃,,,P332944,12
645,P332944.14,,,,10,line,P332944,14
646,P349874.3,r i 1',siki[hair]N x[NA]NA,siki x,,,P349874,3
647,P349874.4,r i 2',siki[hair]N x[NA]NA,siki x,,,P349874,4
648,P349874.5,r i 3',siki[hair]N x[NA]NA x[NA]NA,siki x x,,,P349874,5
649,P349874.6,r i 4',siki[hair]N SAL-x[NA]NA x[NA]NA,siki SAL-x x,,,P349874,6
650,P349874.7,r i 5',bardul[garment]N,{tug₂}bar-dul₅,,,P349874,7
651,P349874.8,r i 6',bardul[garment]N x-x[NA]NA,{tug₂}bar-dul₅ x-x,,,P349874,8
652,P349874.9,r i 7',bardul[garment]N sissig[green]V/i,{tug₂}bar-dul₅ sig₇-sig₇,,,P349874,9
653,P349874.10,r i 8',niŋlam[garment]N,{tug₂}niŋ₂-lam₂,,,P349874,10
654,P349874.11,r i 9',niŋlam[garment]N huš[reddish]V/i,{tug₂}niŋ₂-lam₂ huš,,,P349874,11
655,P349874.12,r i 10',niŋlam[garment]N sal[thin]V/i,{tug₂}niŋ₂-lam₂ sal,,,P349874,12
656,P349874.13,r i 11',tug[textile]N niŋ₂-erin₂[NA]NA ak[do]V/t,tug₂ niŋ₂-erin₂ ak,,,P349874,13
657,P349874.14,r i 12',tug[textile]N ak[do]V/t,tug₂ ak,,,P349874,14
658,P349874.15,r i 13,tug[textile]N šu[hand]N ak[do]V/t,tug₂ šu ak,,,P349874,15
659,P349874.16,,,,1,line,P349874,16
660,P349874.18,r ii 1',x-a[NA]NA,x-a,,,P349874,18
661,P349874.19,r ii 2',x-x-a[NA]NA,x-x-a,,,P349874,19
662,P349874.20,r ii 3',x-x-la-bi[NA]NA,x-x-la-bi,,,P349874,20
663,P349874.21,r ii 4',x-x-la[NA]NA x[NA]NA Magan[1]GN,x-x-la x ma₂-gan-na,,,P349874,21
664,P349874.22,,,,2,line,P349874,22
665,P349874.23,r ii 5',šu[hand]N munus[woman]N dubsar[scribe]N,šu munus dub-sar,,,P349874,23
666,P349874.24,r ii 6',Dukug[1]MN ud[sun]N 21-kam₂[NA]NA,{iti}du₆-kug ud 21-kam₂,,,P349874,24
667,P349874.25,r ii 7',mu[year]N Samsuʾiluna[01]RN lugal[king]N,mu sa-am-su-i-lu-na lugal,,,P349874,25
668,P349874.26,r ii 8',lugal[king]N ni₂-gi[NA]NA gubar[enemy]N,lugal ni₂-gi gu₂-bar,,,P349874,26
669,P370324.2,o 1,na[stone]N teš[vigor]N,na₄ teš₂,,,P370324,2
670,P370324.3,o 2,na[stone]N arhuš[womb]N,na₄ arhuš,,,P370324,3
671,P370324.4,o 3,huduš[stone]N,{na₄}huduš,,,P370324,4
672,P370324.6,r 1,ia[NA]NA te-eš[NA]NA,ia te-eš,,,P370324,6
673,P370324.7,r 2,ia[NA]NA ar-hu-uš[NA]NA,ia ar-hu-uš,,,P370324,7
674,P370324.8,r 3,hu-tu-uš[NA]NA,hu-tu-uš,,,P370324,8
675,P370401.3,o i 1',x-ra{sar}[NA]NA,x-ra{sar},,,P370401,3
676,P370401.4,o i 2',x-ra{sar}[NA]NA,x-ra{sar},,,P370401,4
677,P370401.5,o i 3',x-x-x{sar}[NA]NA,x-x-x{sar},,,P370401,5
678,P370401.6,o i 4',x{sar}[NA]NA,x{sar},,,P370401,6
679,P370401.8,o ii 1',{u₂}x-a[NA]NA,{u₂}x-a,,,P370401,8
680,P370401.9,o ii 2',{u₂}udun[NA]NA,{u₂}udun,,,P370401,9
681,P370401.10,o ii 3',{u₂}udun[NA]NA aʾabak[sea]N,{u₂}udun a-ab-ba,,,P370401,10
682,P370401.11,o ii 4',{u₂}udun[NA]NA anše[equid]N,{u₂}udun anše,,,P370401,11
683,P370401.12,o ii 5',{u₂}bulug-x[NA]NA,{u₂}bulug-x,,,P370401,12
684,P370401.13,o ii 6',emeʾurgirak[plant]N,{u₂}eme-ur-gir₁₅,,,P370401,13
685,P370401.14,o ii 7',{u₂}hul[NA]NA,{u₂}hul,,,P370401,14
686,P370401.15,o ii 8',{u₂}igi-nim-x[NA]NA,{u₂}igi-nim-x,,,P370401,15
687,P370401.16,o ii 9',{u₂}peš₄[NA]NA,{u₂}peš₄,,,P370401,16
688,P370401.17,o ii 10',{u₂}nu-peš₄[NA]NA,{u₂}nu-peš₄,,,P370401,17
689,P370401.18,o ii 11',{u₂}nam-ti[NA]NA,{u₂}nam-ti,,,P370401,18
690,P370401.19,,,,2,line,P370401,19
691,P370401.21,o iii 1’,nindaʾabsuhur[fish]N,ninda₂-ab-suhur{ku₆},,,P370401,21
692,P370401.22,o iii 2',kiŋ[fish]N,kiŋ₂{ku₆},,,P370401,22
693,P370401.23,o iii 3',kiŋtur[toad]N,kiŋ₂-tur{ku₆},,,P370401,23
694,P370401.24,o iii 4',muš[fish]N,muš{ku₆},,,P370401,24
695,P370401.25,o iii 5',šeŋ[cook]V/t,šeŋ₆,,,P370401,25
696,P370401.26,o iii 6',x-x-x-x-x{ku₆}[NA]NA,x-x-x-x-x{ku₆},,,P370401,26
697,P370401.27,o iii 7',x-x-saŋ-ŋa₂{ku₆}[NA]NA,x-x-saŋ-ŋa₂{ku₆},,,P370401,27
698,P370401.28,o iii 8’,dar[split]V/t,dar,,,P370401,28
699,P370401.29,o iii 9’,luh[clean]V/t,luh,,,P370401,29
700,P370401.30,o iii 10,mur[fish]N,mu-ra{ku₆},,,P370401,30
701,P370401.31,o iii 11,šeš[fish]N,ses-sa{ku₆},,,P370401,31
702,P370401.32,o iii 12,balgi[turtle]N,ba-al-gi₄{ku₆},,,P370401,32
703,P370401.35,,,,1,line,P370401,35
704,P370401.36,r i 2',sudin[bat]N,su-din{mušen},,,P370401,36
705,P370401.37,r i 3',sudin[bat]N arkab[bat]N,su-din arkab(|GAR.IB|){mušen},,,P370401,37
706,P370401.38,r i 4',kib[bird]N,ki-ib{mušen},,,P370401,38
707,P370401.39,r i 5',kibšu[bird]N,ki-ib-šu{mušen},,,P370401,39
708,P370401.40,r i 6',kibninka[bird]N,ki-ib-{d}nin-ka₆{mušen},,,P370401,40
709,P370401.41,r i 7',{d}nin-x{mušen}[NA]NA,{d}nin-x{mušen},,,P370401,41
710,P370401.42,r i 8',sipad[bird]N,sipad{mušen},,,P370401,42
711,P370401.43,r i 9',tum[dove]N,tum₁₂{mušen},,,P370401,43
712,P370401.44,r i 10',tumgur[bird]N,tum₁₂-kur{mušen},,,P370401,44
713,P370401.45,r i 11',girgilum[bird]N,gir-gi-lu{mušen},,,P370401,45
714,P370401.46,r i 12',LAGAB-gi-gi{mušen}[NA]NA,LAGAB-gi-gi{mušen},,,P370401,46
715,P370401.47,r i 13',x{mušen}[NA]NA,x{mušen},,,P370401,47
716,P370401.49,r ii 2’,um[bird]N,um{mušen},,,P370401,49
717,P370401.50,r ii 3',gu{mušen}[NA]NA,gu{mušen},,,P370401,50
718,P370401.51,r ii 4',kurgi[goose]N,kur-gi₄{mušen},,,P370401,51
719,P370401.52,r ii 5,kurgi[goose]N nita[male]N,kur-gi₄ nita{mušen},,,P370401,52
720,P370401.53,r ii 6',ganu[bird]N,ga-nu₁₁{mušen},,,P370401,53
721,P370401.54,r ii 7',nunuz[egg]N ganu[bird]N,nunuz ga-nu₁₁{mušen},,,P370401,54
722,P370401.55,r ii 8',amar[young]N ganu[bird]N,amar ga-nu₁₁{mušen},,,P370401,55
723,P370401.56,r ii 9',x{mušen}[NA]NA,x{mušen},,,P370401,56
724,P370401.57,,,,1,line,P370401,57
725,P370419.3,o 1,kiŋ[fish]N,kiŋ₂{ku₆},,,P370419,3
726,P370419.4,o 2,kiŋtur[toad]N,kiŋ₂-tur{ku₆},,,P370419,4
727,P370419.5,o 3,absuhur[carp]N,ab-suhur{ku₆},,,P370419,5
728,P388095.1,1,kabkab[bird]N,kab-kab{mušen},,,P388095,1
729,P388095.2,2,gamgam[bird]N,gam₃-gam₃{mušen},,,P388095,2
730,P388095.3,3,kirkir[bird]N,{ŋeš}kiri₆-kar₂{mušen},,,P388095,3
731,P388547.2,o 1,ezi[bird]N,e-zi{mušen},,,P388547,2
732,P388547.3,o 2,šulu[bird]N,šu-lu₂{mušen},,,P388547,3
733,P388547.4,o 3,gakid[bird]N,ga-kad₄{mušen},,,P388547,4
734,P388552.2,o 1,arabu[bird]N,UDU-bu{mušen},,,P388552,2
735,P388552.3,o 2,UD.ša[bird]N,UD-ša{mušen},,,P388552,3
736,P388552.4,o 3,TAR[bird]N,TAR{mušen},,,P388552,4
737,P416239.2,o 1,nunuz[egg]N,{na₄}nunuz,,,P416239,2
738,P416239.3,o 2,nunuz[egg]N gal[big]V/i,{na₄}nunuz gal-gal,,,P416239,3
739,P416239.4,o 3,nunuz[egg]N tur[small]V/i,{na₄}nunuz tur-tur,,,P416239,4
740,P460614.2,o 1,mul[NA]NA x[NA]NA,mul x,,,P460614,2
741,P460614.3,o 2,mul[NA]NA x-ra-x[NA]NA,mul x-ra-x,,,P460614,3
742,P460614.4,o 3,{mul}lu₂-huŋ-ŋa₂[NA]NA,{mul}lu₂-huŋ-ŋa₂,,,P460614,4
743,P460614.5,o 4,{mul}ka-muš-e-gu₇-a[NA]NA,{mul}ka-muš-e-gu₇-a,,,P460614,5
744,P460614.6,o 5,mul[NA]NA x-x[NA]NA,mul x-x,,,P460614,6
745,P460614.7,o 6,{mul}{d}nin-si₄-an-na[NA]NA,{mul}{d}nin-si₄-an-na,,,P460614,7
746,P460614.8,o 7,{mul}{d}tir-an-na[NA]NA,{mul}{d}tir-an-na,,,P460614,8
747,P460614.9,o 8,{mul}x-LI-x-x[NA]NA,{mul}x-LI-x-x,,,P460614,9
748,P460614.10,o 9,{mul}en-te-en-bar-hum[NA]NA,{mul}en-te-en-bar-hum,,,P460614,10
749,P460614.11,o 10,{mul}addir[NA]NA,{mul}addir,,,P460614,11
750,P460614.12,o 11,{mul}x-silim-ma[NA]NA,{mul}x-silim-ma,,,P460614,12
751,P460614.13,o 12,{mul}{im}šu-rin-na-nu-mun-un-kuš-e-ne[NA]NA,{mul}{im}šu-rin-na-nu-mun-un-kuš-e-ne,,,P460614,13
752,P460614.14,o 13,u₂[NA]NA,u₂,,,P460614,14
753,P460614.16,r 1,{u₂}li₂-a[NA]NA,{u₂}li₂-a,,,P460614,16
754,P460614.17,r 2,{u₂}šeš[NA]NA,{u₂}šeš,,,P460614,17
755,P460614.18,r 3,munzer[licorice]N,{u₂}munzer,,,P460614,18
756,P460614.19,r 4,penzer[cobweb]N,{u₂}pe-en-ze₂-er,,,P460614,19
757,P460614.20,r 5,kul[plant]N,{u₂}kul,,,P460614,20
758,P460614.21,r 6,kul[plant]N saŋ[head]N,{u₂}kul saŋ,,,P460614,21
759,P460614.22,r 7,innuš[plant]N,{u₂}in-nu-uš,,,P460614,22
760,P460614.23,r 8,ušim[greenery]N,u₂-šim,,,P460614,23
761,P460614.24,r 9,ušim[greenery]N saŋ[head]N,u₂-šim saŋ,,,P460614,24
762,P460614.25,,,,2,line,P460614,25
763,P460614.27,r 10,x[NA]NA x[NA]NA {u₂}saŋ-še[NA]NA,x x {u₂}saŋ-še,,,P460614,27
764,P460614.28,r 11,ki[NA]NA x-x[NA]NA a-ra-x-tum[NA]NA,ki x-x a-ra-x-tum,,,P460614,28
765,P460614.29,,,,1,line,P460614,29
766,P460614.30,r 12,u₂[NA]NA x-x-x-x[NA]NA,u₂ x-x-x-x,,,P460614,30
767,P480798.3,o 1,{tug₂}x[NA]NA,{tug₂}x,,,P480798,3
768,P480798.4,o 2,šagha[cloth]N,{tug₂}šag₄-ha,,,P480798,4
769,P480798.5,o 3,ba[garment]N,{tug₂}ba,,,P480798,5
770,P492406.5,o i 1,x-kal[NA]NA,x-kal,,,P492406,5
771,P492406.6,o i 2,x[NA]NA na[stone]N,x na₄,,,P492406,6
772,P492406.7,o i 3,x-a[NA]NA,x-a,,,P492406,7
773,P492406.8,o i 4,x-a[NA]NA,x-a,,,P492406,8
774,P492406.9,o i 5,x-ri[NA]NA,x-ri,,,P492406,9
775,P492406.10,o i 6,x-da[NA]NA,x-da,,,P492406,10
776,P492406.11,o i 7,x-bi[NA]NA,x-bi,,,P492406,11
777,P492406.12,o i 8,x-x[NA]NA,x-x,,,P492406,12
778,P492406.13,o i 9,x-x-EZEN-a[NA]NA,x-x-EZEN-a,,,P492406,13
779,P492406.14,o i 10,x[NA]NA antibal[official]N,x an-ti-bal,,,P492406,14
780,P492406.15,o i 11,x-ma[NA]NA,x-ma,,,P492406,15
781,P492406.16,o i 12,x-mu[NA]NA,x-mu,,,P492406,16
782,P492406.17,o i 13,x-x-i[NA]NA,x-x-i,,,P492406,17
783,P492406.18,o i 14,x-ud-ba[NA]NA,x-ud-ba,,,P492406,18
784,P492406.19,o i 15,x-x-um[NA]NA,x-x-um,,,P492406,19
785,P492406.20,o i 16,x-x-bu-um[NA]NA,x-x-bu-um,,,P492406,20
786,P492406.21,o i 17,x[NA]NA GIR₃[NA]NA,x GIR₃,,,P492406,21
787,P492406.22,,,,3,line,P492406,22
788,P492406.23,,,,rest,column,P492406,23
789,P492406.25,o ii 1,anzud[eagle]N,anzud{mušen},,,P492406,25
790,P492406.26,o ii 2,amar[young]N anzud[eagle]N,amar anzud{mušen},,,P492406,26
791,P492406.27,o ii 3,ŋirpap[bird]N,ŋir₃-pap{mušen},,,P492406,27
792,P492406.28,o ii 4,ŋirmul[bird]N,ŋir₃-mul{mušen},,,P492406,28
793,P492406.29,o ii 5,ŋirbabbar[bird]N,ŋir₃-babbar{mušen},,,P492406,29
794,P492406.30,o ii 6,kir₄-kar₂{mušen}[NA]NA,kir₄-kar₂{mušen},,,P492406,30
795,P492406.31,o ii 7,arabu[bird]N,adab{mušen},,,P492406,31
796,P492406.32,o ii 8,misaz[bird]N,mi-si-am₃{mušen},,,P492406,32
797,P492406.33,o ii 9,ubi[bird]N,u₅-bi₂{mušen},,,P492406,33
798,P492406.34,o ii 10,gubi[bird]N,gu₂-bi₂{mušen},,,P492406,34
799,P492406.35,o ii 11,ti[bird]N,ti₈{mušen},,,P492406,35
800,P492406.36,o ii 12,tiʾuz[bird]N,te₈-uz{mušen},,,P492406,36
801,P492406.37,o ii 13,uz[duck]N,uz{mušen},,,P492406,37
802,P492406.38,o ii 14,uzgi[bird]N,uz-gi{mušen},,,P492406,38
803,P492406.39,o ii 15,uz[duck]N x{mušen}[NA]NA,uz x{mušen},,,P492406,39
804,P492406.40,o ii 16,uz[duck]N x{mušen}[NA]NA,uz x{mušen},,,P492406,40
805,P492406.41,o ii 17,x-x{mušen}[NA]NA,x-x{mušen},,,P492406,41
806,P492406.42,o ii 18,bazbaz[bird]N,bibad{mušen},,,P492406,42
807,P492406.43,o ii 19,bazbaz[bird]N niga[fattened]V/i,bibad niga{mušen},,,P492406,43
808,P492406.44,,,,1,line,P492406,44
809,P492406.46,o iii 1,lilibisig[stork]N,li-li-bi-gi{mušen},,,P492406,46
810,P492406.47,o iii 2,esig[bird]N,e-sig{mušen},,,P492406,47
811,P492406.48,o iii 3,x-x-x{mušen}[NA]NA,x-x-x{mušen},,,P492406,48
812,P492406.49,o iii 4,buru[sparrow]N,buru₅{mušen},,,P492406,49
813,P492406.50,o iii 5,buruhur[bird]N,buru₅-hur{mušen},,,P492406,50
814,P492406.51,o iii 6,buruʾugudu[bird]N,buru₅-ugu-du₃{mušen},,,P492406,51
815,P492406.52,o iii 7,burukarkid[bird]N,buru₅-kar-kid{mušen},,,P492406,52
816,P492406.53,o iii 8,buru[sparrow]N x{mušen}[NA]NA,buru₅ x{mušen},,,P492406,53
817,P492406.54,o iii 9,buruhabrudak[bird]N,buru₅-habrud{mušen},,,P492406,54
818,P492406.55,o iii 10,burutir[bird]N,buru₅-tir-ra{mušen},,,P492406,55
819,P492406.56,o iii 11,HAL-DU₃{mušen}[NA]NA,HAL-DU₃{mušen},,,P492406,56
820,P492406.57,o iii 12,pišbal[bird]N,piš₁₀-NAGAR-UŠ{mušen},,,P492406,57
821,P492406.58,o iii 14,dar[bird]N,dar{mušen},,,P492406,58
822,P492406.59,o iii 15,darlugal[rooster]N,dar-lu₂{mušen},,,P492406,59
823,P492406.60,o iii 16,dar-lu₂-sila₃[NA]NA,dar-lu₂-sila₃,,,P492406,60
824,P492406.61,o iii 17,darzizi[bird]N,dar-zi-zi{mušen},,,P492406,61
825,P492406.62,o iii 18,dar[bird]N gurum[bend]V/t,dar gur₂,,,P492406,62
826,P492406.63,o iii 19,edin{mušen}[NA]NA,edin{mušen},,,P492406,63
827,P492406.64,o iii 20,x-x{mušen}[NA]NA,x-x{mušen},,,P492406,64
828,P492406.65,o iii 21,x{mušen}[NA]NA,x{mušen},,,P492406,65
829,P492406.66,o iii 22,x{mušen}[NA]NA,x{mušen},,,P492406,66
830,P492406.68,o iv 1,nu[bird]N,nu₂{mušen},,,P492406,68
831,P492406.69,o iv 2,kirkir[bird]N,kara₂-gur₄{mušen},,,P492406,69
832,P492406.70,o iv 3,GUD{mušen}[NA]NA,GUD{mušen},,,P492406,70
833,P492406.71,o iv 4,igira[heron]N,igiraₓ(|KI.KA.SAL|){mušen},,,P492406,71
834,P492406.72,o iv 5,u₅-x{mušen}[NA]NA,u₅-x{mušen},,,P492406,72
835,P492406.73,o iv 6,u₅-bar{mušen}[NA]NA,u₅-bar{mušen},,,P492406,73
836,P492406.74,o iv 7,u₅-x{mušen}[NA]NA,u₅-x{mušen},,,P492406,74
837,P492406.75,o iv 8,u₅-x{mušen}[NA]NA,u₅-x{mušen},,,P492406,75
838,P492406.76,o iv 9,x-x{mušen}[NA]NA,x-x{mušen},,,P492406,76
839,P492406.77,o iv 10,saŋgiʾura[bird]N,saŋ-ki-ur₃-ra{mušen},,,P492406,77
840,P492406.78,o iv 11,ha-din-na{mušen}[NA]NA,ha-din-na{mušen},,,P492406,78
841,P492406.79,o iv 12,igimul[bird]N,igi-mul{mušen},,,P492406,79
842,P492406.80,o iv 13,x-x-me{mušen}[NA]NA,x-x-me{mušen},,,P492406,80
843,P492406.81,o iv 14,ab-gal{mušen}[NA]NA,ab-gal{mušen},,,P492406,81
844,P492406.82,o iv 15,tum[dove]N kešed[bind]V/t,tum₁₂ keš₂-d·a,,,P492406,82
845,P492406.83,o iv 16,lu₂-SAR{mušen}[NA]NA,lu₂-SAR{mušen},,,P492406,83
846,P492406.84,o iv 17,HAL{mušen}[NA]NA,HAL{mušen},,,P492406,84
847,P492406.85,o iv 18,heʾuš[bird]N,he₂-uš₂{mušen},,,P492406,85
848,P492406.86,o iv 19,haya[peacock]N,{d}ha-ia₃{mušen},,,P492406,86
849,P492406.87,o iv 20,kud[fish]N,ku₆,,,P492406,87
850,P492406.97,,,,n,line,P492406,97
851,X499086.2,,,,n,line,X499086,2
852,X499086.6,,,,beginning,column,X499086,6
853,X499086.7,r i 1',andahšum[plant]N,an-dah-šum{sar},,,X499086,7
854,X499086.8,r i 2',hahudim[vegetable]N,ha-U-dim{sar},,,X499086,8
855,X499086.9,r i 3',ezizu[vegetable]N,e-zi-zu{sar},,,X499086,9
856,X499086.10,r i 4',kur-ni-ib-x{sar}[NA]NA,kur-ni-ib-x{sar},,,X499086,10
857,X499086.11,r i 5',gamun[cumin]N,{u₂}gamun{sar},,,X499086,11
858,X499086.12,r i 6',gamun[cumin]N babbar[white]V/i,{u₂}gamun babbar{sar},,,X499086,12
859,X499086.13,r i 7',gamun[cumin]N giggi[black]V/i,{u₂}gamun giggi{sar},,,X499086,13
860,X499086.14,r i 8',sullim[spice]N,{u₂}sullim{sar},,,X499086,14
861,X499086.15,r i 9',sullim[spice]N x[NA]NA,{u₂}sullim x,,,X499086,15
862,X499086.16,,,,rest,column,X499086,16
863,X499086.18,,,,beginning,column,X499086,18
864,X499086.19,r ii 1',x{ku₆}[NA]NA,x{ku₆},,,X499086,19
865,X499086.20,r ii 2',x{ku₆}[NA]NA,x{ku₆},,,X499086,20
866,X499086.21,r ii 3',x{ku₆}[NA]NA,x{ku₆},,,X499086,21
867,X499086.22,r ii 4',izi[fish]N,izi{ku₆},,,X499086,22
868,X499086.23,r ii 5',x{ku₆}[NA]NA,x{ku₆},,,X499086,23
869,X499086.24,r ii 6',x{ku₆}[NA]NA,x{ku₆},,,X499086,24
870,X499086.25,r ii 7',adamin[fish]N,a-da-min₃{ku₆},,,X499086,25
871,X499086.26,r ii 8',x{ku₆}[NA]NA,x{ku₆},,,X499086,26
